Mplus VERSION 8.6
MUTHEN & MUTHEN
07/13/2026   6:40 PM

INPUT INSTRUCTIONS

  TITLE:
          Causal rGE on differential parenting;

  DATA:
          FILE IS "c:\Repo\data_local\withinfamrGE_addh_missfix_nomz.csv";




  VARIABLE:
          Names are AID FAM GPAIRID GID GFAM
          pgs ANCESTRY SCID sex age_1 age_3
          white african native asian other hispanic
          income par_ed par_age
          par_sex par_marry
          bad_temper pr_parent pr_child del_peer scho_con
          asb_1 asb_3 sub_1 sub_3
          par_sub autonomy par_involv adhd;

          usevariables are FAM
           pgs sex age_1 !age_3
           pr_parent pr_child del_peer scho_con
           asb_1 sub_1
           asb_3 sub_3
           pgs_m sex_m age_1_m !age_3_m
           income_m par_ed_m
           afr eas his;

          CLUSTER IS FAM;

          WITHIN ARE
           pgs sex age_1 !age_3
           ;

          BETWEEN ARE
          pgs_m sex_m age_1_m !age_3_m
          income_m par_ed_m
          afr eas his;


          Missing are .;


  DEFINE:
          del_peer = -del_peer;
          afr = 0;
          eas = 0;
          his = 0;
          IF(ANCESTRY EQ 2)THEN afr = 1;
          IF(ANCESTRY EQ 3)THEN eas = 1;
          IF(ANCESTRY EQ 4)THEN his = 1;
          income = log(income + 1);
          pgs_m = CLUSTER_MEAN(pgs);
          sex_m = CLUSTER_MEAN(sex);
          age_1_m = CLUSTER_MEAN(age_1);
          !age_3_m = CLUSTER_MEAN(age_3);
          income_m = CLUSTER_MEAN(income);
          par_ed_m = CLUSTER_MEAN(par_ed);
          CENTER pgs sex age_1(GROUPMEAN);
          !CENTER age_3(GROUPMEAN);

  ANALYSIS:

          TYPE = TWOLEVEL RANDOM;
          ESTIMATOR = BAYES;
          !ESTIMATOR=WLSM;
          !BOOTSTRAP = 20000;
          PROC = 10;
          CHAINS = 10;
          FBITERATIONS= 30000;

  MODEL:

          %WITHIN%

          pr_parent pr_child del_peer scho_con asb_3 sub_3 asb_1 sub_1 ON sex age_1;
          pr_parent ON pgs (w1);
          pr_child ON pgs (w2);
          del_peer ON pgs (w3);
          scho_con ON pgs (w4);
          asb_1 ON pgs;
          sub_1 ON pgs;
          asb_3 ON pgs;
          sub_3 ON pgs;

          [pgs sex age_1 @0];
          pgs sex age_1 ;
          pgs sex age_1 WITH pgs sex age_1 ;

          %BETWEEN%
          pr_parent pr_child del_peer scho_con asb_1 sub_1 asb_3 sub_3;
          pgs_m sex_m age_1_m income_m par_ed_m afr eas his;

          pr_parent ON pgs_m (b1);
          pr_child ON pgs_m (b2);
          del_peer ON pgs_m (b3);
          scho_con ON pgs_m (b4);

          pr_parent ON  sex_m age_1_m income_m par_ed_m afr eas his;
          pr_child ON  sex_m age_1_m income_m par_ed_m afr eas his;
          del_peer ON  sex_m age_1_m income_m par_ed_m afr eas his;
          scho_con ON  sex_m age_1_m income_m par_ed_m afr eas his;
          asb_1 sub_1 ON pgs_m sex_m age_1_m income_m par_ed_m afr eas his;
          asb_3 sub_3 ON pgs_m sex_m age_1_m income_m par_ed_m afr eas his;

          pgs_m sex_m WITH pgs_m sex_m age_1_m income_m par_ed_m afr eas his;
          age_1_m WITH pgs_m sex_m age_1_m income_m par_ed_m afr eas his;
          income_m WITH pgs_m sex_m age_1_m income_m par_ed_m afr eas his;
          par_ed_m WITH pgs_m sex_m age_1_m income_m par_ed_m afr eas his;
          afr eas his WITH pgs_m sex_m age_1_m income_m par_ed_m afr eas his;

  MODEL CONSTRAINT:

  NEW (d_parent d_child d_peer d_scho);

  d_parent = b1-w1;
  d_child = b2-w2;
  d_peer = b3-w3;
  d_scho = b4-w4;


  OUTPUT: TECH1 TECH8 CINTERVAL;
  PLOT: TYPE = PLOT2;




*** WARNING in VARIABLE command
  Note that only the first 8 characters of variable names are used in the output.
  Shorten variable names to avoid any confusion.
*** WARNING in MODEL command
  TYPE=RANDOM is used to declare random effect variables in the model.
  No random effect variables were found.  TYPE=RANDOM will be ignored.
*** WARNING in PLOT command
  Note that only the first 8 characters of variable names are used in plots.
  If variable names are not unique within the first 8 characters, problems
  may occur.
*** WARNING
  One or more individual-level variables have no variation within a
  cluster for the following clusters.

     Variable   Cluster IDs with no within-cluster variation

      PR_PAREN    1122 1852 1155 3192 2515 2863 1055 3251 2197 2097 1318 1274 3308 1336 1102 2383
                  1143 1648 3099 1345 2731 3410 3761 2719 1085 3463 3679 1580 2919 3736 1819 1837
                  1938 2270 3480 1121 2398 1672 2742 2166 1407 2254 2025 1108 1349 1962 3518 2446
                  1656 1880 1883 1026 2555 3397 1870 2864 1415 2954 3341 3724 2477 2061 2397 2426
                  3779 3755 2318 1606 2697 3070 3061 3057 3578 1338 2118 2559 1065 2761 1221 3200
                  2512 3327 3590 2788 2690 3649 3135 1635 1432 2045 2545 3746 1997 1168 2257 2409
                  1930 1510 2809 2003 1442 2907 1024 1704 2056 3255 1508 2924 1017 2296 3630 2252
                  3337 2303 2403 3393 3672 2261 1249 3062 1171 3189 3565 1770 2619 2586 2216 1721
                  2013 1072 2914 3682 3525 3583 2921
      PR_CHILD    1155 2749 2046 3422 3064 3533 1518 3410 3073 3363 3763 2152 2079 1989 3560 2061
                  2628 3306 1922 1606 3070 3000 2415 1036 3764 3200 1288 1635 1432 2686 2597 1544
                  1309 2689 3630 2729 1560 1424 2708 1041
      DEL_PEER    1122 1255 2305 1645 2046 1615 2304 2556 3313 1348 3093 1102 3064 3533 3097 1732
                  1722 1345 1984 2581 3687 1661 1751 3688 2270 2507 1853 2181 2680 3363 3137 2742
                  3441 2152 1034 1974 3229 1713 2446 3280 1883 3397 3695 1979 1470 2870 3074 2061
                  2628 3482 2697 2069 2415 1943 1456 3549 3132 1884 1384 2526 2936 3156 3224 3327
                  3023 2833 3649 3135 3279 1635 3436 1831 2988 1610 1899 1935 1858 2809 1024 1544
                  1047 1309 3399 3232 2349 2577 2682 1605 2656 2261 1249 3062 1961 3045 1841 1663
                  1007 1573 3484 1421
      SCHO_CON    3533 3679 1974 3071 3537
      ASB_1       1498 1852 2749 1255 1702 2433 2863 1615 2197 2097 2973 3313 1336 3093 1102 1687
                  1697 3064 3533 1608 2383 1063 1143 1984 2215 2581 1661 3463 3679 3767 1524 3653
                  2270 1853 3775 2398 2014 3374 2293 3137 2166 1033 2821 1974 3518 2650 1713 3452
                  3478 3750 2565 3280 3016 2555 2915 2174 1870 1595 1415 2079 3695 1457 1989 2624
                  3678 1979 3141 2755 2794 3272 2870 2061 1157 2628 3306 1382 1437 3471 1141 2088
                  2415 1297 3549 3505 1338 1384 1707 2526 2118 1061 2562 2795 2761 1151 3764 3224
                  1451 3339 3365 3200 3327 2788 1300 2690 2833 3649 1288 3135 1635 1831 1432 2988
                  3171 3746 1610 1997 2257 1899 2503 2237 1510 1935 1232 1858 1903 1442 1024 1704
                  1544 2117 2349 3077 3255 2577 1752 1365 1508 1017 2488 2682 2296 1310 2351 1069
                  2851 1605 3630 3632 2656 2149 1764 2468 1424 2261 1249 3565 2828 1917 2619 2586
                  2216 1928 3562 1363 3206 3134 2155 1007 1230 2162 3532 3484 3720 3151 1421
      SUB_1       1122 1255 2863 2304 2197 1274 1102 3533 1063 3073 1661 3767 3379 2435 1853 2427
                  2680 2014 3363 2166 2152 2555 2174 2864 2870 2415 3132 2795 2936 3436 2988 1544
                  1287 3399 2349 1752 2296 1605 1764 1917 2619 1841 1072 3637 1007 3484 3198
      ASB_3       1498 1852 2749 1255 1702 2433 2863 1615 2197 2097 2973 3313 1336 3093 1102 1687
                  1697 3064 3533 1608 2383 1063 1143 1984 2215 2581 1661 3463 3679 3767 1524 3653
                  2270 1853 3775 2398 2014 3374 2293 3137 2166 1033 2821 1974 3518 2650 1713 3452
                  3478 3750 2565 3280 3016 2555 2915 2174 1870 1595 1415 2079 3695 1457 1989 2624
                  3678 1979 3141 2755 2794 3272 2870 2061 1157 2628 3306 1382 1437 3471 1141 2088
                  2415 1297 3549 3505 1338 1384 1707 2526 2118 1061 2562 2795 2761 1151 3764 3224
                  1451 3339 3365 3200 3327 2788 1300 2690 2833 3649 1288 3135 1635 1831 1432 2988
                  3171 3746 1610 1997 2257 1899 2503 2237 1510 1935 1232 1858 1903 1442 1024 1704
                  1544 2117 2349 3077 3255 2577 1752 1365 1508 1017 2488 2682 2296 1310 2351 1069
                  2851 1605 3630 3632 2656 2149 1764 2468 1424 2261 1249 3565 2828 1917 2619 2586
                  2216 1928 3562 1363 3206 3134 2155 1007 1230 2162 3532 3484 3720 3151 1421
      SUB_3       1122 1255 2863 2304 2197 1274 1102 3533 1063 3073 1661 3767 3379 2435 1853 2427
                  2680 2014 3363 2166 2152 2555 2174 2864 2870 2415 3132 2795 2936 3436 2988 1544
                  1287 3399 2349 1752 2296 1605 1764 1917 2619 1841 1072 3637 1007 3484 3198

   4 WARNING(S) FOUND IN THE INPUT INSTRUCTIONS




Causal rGE on differential parenting;

SUMMARY OF ANALYSIS

Number of groups                                                 1
Number of observations                                        1351

Number of dependent variables                                    8
Number of independent variables                                 11
Number of continuous latent variables                            0

Observed dependent variables

  Continuous
   PR_PARENT   PR_CHILD    DEL_PEER    SCHO_CON    ASB_1       SUB_1
   ASB_3       SUB_3

Observed independent variables
   PGS         SEX         AGE_1       PGS_M       SEX_M       AGE_1_M
   INCOME_M    PAR_ED_M    AFR         EAS         HIS

Variables with special functions

  Cluster variable      FAM

  Within variables
   PGS         SEX         AGE_1

  Between variables
   PGS_M       SEX_M       AGE_1_M     INCOME_M    PAR_ED_M    AFR
   EAS         HIS

  Centering (GROUPMEAN)
   PGS         SEX         AGE_1


Estimator                                                    BAYES
Specifications for Bayesian Estimation
  Point estimate                                            MEDIAN
  Number of Markov chain Monte Carlo (MCMC) chains              10
  Random seed for the first chain                                0
  Starting value information                           UNPERTURBED
  Algorithm used for Markov chain Monte Carlo           GIBBS(PX1)
  Fixed number of iterations                                 30000
  K-th iteration used for thinning                               1

Input data file(s)
  c:\Repo\data_local\withinfamrGE_addh_missfix_nomz.csv
Input data format  FREE


SUMMARY OF DATA

     Number of clusters                        658

       Size (s)    Cluster ID with Size s

          2        3210 3508 3473 1498 1122 1852 1436 1155 2749 1250 1255
                   3265 3089 2193 1481 3321 1702 2490 2982 2433 3192 3737
                   3254 2305 2156 1358 1645 2515 2863 3152 1659 2046 1512
                   1581 1453 1055 3251 2224 1615 1119 2814 2400 2304 2197
                   2097 3352 2556 2938 2973 3684 3313 1318 1348 1878 2041
                   3110 1568 1274 2058 2710 1860 3422 2899 2182 3584 2881
                   3308 2727 1503 1404 1336 3093 1102 1687 1665 1697 3396
                   3064 3533 1608 2399 2916 2383 1577 2790 1296 2955 1518
                   3097 1063 1732 1143 1648 1722 1986 3099 1728 1345 3710
                   2532 1772 2731 3410 1984 3761 3073 2021 2845 2719 1085
                   2215 2581 2560 1814 3687 1683 1731 1661 3463 1751 3679
                   3545 1580 3292 3767 2919 3736 1450 1524 1800 3379 3609
                   1233 2231 2123 1146 3054 2582 1539 1076 1386 2522 3653
                   2092 2404 1819 1837 1473 3688 1938 2270 2435 3480 2610
                   2507 1571 1853 1570 2816 1643 2287 3176 2427 2791 3589
                   3433 2181 3775 2728 1417 1121 2398 3240 1966 3329 2475
                   1337 2680 3782 3237 2014 2148 2047 1638 3374 3363 3763
                   1717 2469 3592 2293 3137 1672 2742 2166 1407 2254 1406
                   2137 3441 3713 2152 3412 1753 1368 1057 3385 1633 1033
                   2991 1756 2025 3059 1726 1108 1034 2821 1974 3044 1349
                   3204 2268 3229 2333 3681 2265 2325 2143 1962 3518 2650
                   1176 1713 3693 1084 1698 3452 2446 1656 3478 1563 2677
                   3638 3750 2141 3205 2565 1449 3280 2829 1418 1209 1880
                   2912 2977 3611 1515 1883 3016 3001 1026 2206 2555 2915
                   3397 2448 2869 1224 2174 3503 1870 2864 2895 1459 2528
                   1595 1415 1199 2079 3695 1457 1272 1953 1944 1989 2624
                   1062 1126 2601 2165 1362 2004 3678 2954 2511 1871 2093
                   1549 1979 3598 3560 2418 1677 3141 3662 1624 3341 2755
                   2794 1470 3511 1489 3272 3724 2477 2870 3074 2061 1157
                   2628 3306 2362 1922 2397 3423 2874 2426 3439 3779 1354
                   3021 3482 2275 3755 1159 1382 1447 1437 1366 3268 2318
                   1606 3217 2697 3162 3502 3471 1440 3289 1020 1467 2059
                   1411 3070 3061 3769 2714 1141 2436 2672 1270 1641 3057
                   1602 2956 3146 3758 1083 2069 3000 3768 3628 2088 1455
                   2415 3578 1943 2871 1456 1297 3549 2939 3505 3133 1338
                   1603 1494 3132 1884 2213 1607 1384 1707 2526 2118 1284
                   1061 2562 1859 2795 2559 2936 1065 2761 1036 1203 1151
                   3156 3764 3332 3224 1221 2779 1451 3339 2070 3365 3200
                   2512 2826 3098 1778 3327 3590 2788 1300 2690 3023 3012
                   2865 2833 1910 3649 1288 3135 2568 2893 3279 1947 1380
                   1635 3436 2300 1831 3690 3474 1547 1482 1432 3420 2988
                   2045 2545 1257 3171 2358 3746 1610 2686 1997 1168 1087
                   2597 2257 1703 1899 2503 2409 2237 3633 1930 2842 1510
                   1935 2356 1836 1232 1858 2240 1483 2809 3519 1903 2003
                   2099 1442 2907 1024 1704 1544 1047 1991 3069 3259 1309
                   2312 3347 2886 2056 1287 2117 3399 3232 2349 1158 3077
                   3255 2577 3651 1752 3071 1170 1811 1365 1508 2641 2131
                   2924 1357 2689 1017 2488 2682 2434 3107 2296 3014 1310
                   2351 1069 2375 2851 1605 3630 2252 3337 2303 3175 2729
                   2403 3632 2926 2656 3393 1271 2149 1564 2861 1764 1560
                   3672 3092 2468 1594 2144 1424 2259 2261 1249 3062 1171
                   3262 2334 3189 1649 3565 2828 1917 1961 3305 1320 1849
                   3517 1375 1238 1396 1770 3361 2619 1689 1911 2892 3045
                   1557 1207 2586 2216 2605 1721 2013 1841 1636 1928 3562
                   1663 1072 1363 2633 2914 2393 3206 3134 3682 1111 1876
                   2155 3537 3637 1007 2768 1230 2685 2708 2613 2162 3525
                   2314 1758 2396 3532 2473 1573 1528 3484 2317
          3        3720 3105 3619 2834 3645 3230 3151 3467 1446 1750 2037
                   1392 3579 3049 1394 1949 3395 1522 1041 1147 2884 1421
                   2177 2074 3583 1281 3641 2837 3243 3198 2921
          4        2302 1134



COVARIANCE COVERAGE OF DATA

Minimum covariance coverage value   0.100

     Number of missing data patterns            14


     PROPORTION OF DATA PRESENT


           Covariance Coverage
              PGS_M         SEX_M         AGE_1_M       INCOME_M      PAR_ED_M
              ________      ________      ________      ________      ________
 PGS_M          1.000
 SEX_M          1.000         1.000
 AGE_1_M        1.000         1.000         1.000
 INCOME_M       0.834         0.834         0.834         0.834
 PAR_ED_M       0.990         0.990         0.990         0.828         0.990
 AFR            1.000         1.000         1.000         0.834         0.990
 EAS            1.000         1.000         1.000         0.834         0.990
 HIS            1.000         1.000         1.000         0.834         0.990
 PGS            1.000         1.000         1.000         0.834         0.990
 SEX            1.000         1.000         1.000         0.834         0.990
 AGE_1          1.000         1.000         1.000         0.834         0.990
 PR_PAREN       0.893         0.893         0.893         0.813         0.886
 PR_CHILD       0.987         0.987         0.987         0.824         0.982
 DEL_PEER       0.998         0.998         0.998         0.832         0.989
 SCHO_CON       0.997         0.997         0.997         0.831         0.988
 ASB_1          0.999         0.999         0.999         0.833         0.989
 SUB_1          1.000         1.000         1.000         0.834         0.990
 ASB_3          0.999         0.999         0.999         0.833         0.989
 SUB_3          1.000         1.000         1.000         0.834         0.990


           Covariance Coverage
              AFR           EAS           HIS           PGS           SEX
              ________      ________      ________      ________      ________
 AFR            1.000
 EAS            1.000         1.000
 HIS            1.000         1.000         1.000
 PGS            1.000         1.000         1.000         1.000
 SEX            1.000         1.000         1.000         1.000         1.000
 AGE_1          1.000         1.000         1.000         1.000         1.000
 PR_PAREN       0.893         0.893         0.893         0.893         0.893
 PR_CHILD       0.987         0.987         0.987         0.987         0.987
 DEL_PEER       0.998         0.998         0.998         0.998         0.998
 SCHO_CON       0.997         0.997         0.997         0.997         0.997
 ASB_1          0.999         0.999         0.999         0.999         0.999
 SUB_1          1.000         1.000         1.000         1.000         1.000
 ASB_3          0.999         0.999         0.999         0.999         0.999
 SUB_3          1.000         1.000         1.000         1.000         1.000


           Covariance Coverage
              AGE_1         PR_PAREN      PR_CHILD      DEL_PEER      SCHO_CON
              ________      ________      ________      ________      ________
 AGE_1          1.000
 PR_PAREN       0.893         0.893
 PR_CHILD       0.987         0.884         0.987
 DEL_PEER       0.998         0.890         0.986         0.998
 SCHO_CON       0.997         0.890         0.985         0.996         0.997
 ASB_1          0.999         0.891         0.986         0.998         0.996
 SUB_1          1.000         0.893         0.987         0.998         0.997
 ASB_3          0.999         0.891         0.986         0.998         0.996
 SUB_3          1.000         0.893         0.987         0.998         0.997


           Covariance Coverage
              ASB_1         SUB_1         ASB_3         SUB_3
              ________      ________      ________      ________
 ASB_1          0.999
 SUB_1          0.999         1.000
 ASB_3          0.999         0.999         0.999
 SUB_3          0.999         1.000         0.999         1.000



UNIVARIATE SAMPLE STATISTICS


     UNIVARIATE HIGHER-ORDER MOMENT DESCRIPTIVE STATISTICS

         Variable/         Mean/     Skewness/   Minimum/ % with                Percentiles
        Sample Size      Variance    Kurtosis    Maximum  Min/Max      20%/60%    40%/80%    Median

     PGS_M                -0.058      -0.039      -2.541    0.15%      -0.779     -0.268     -0.033
             658.000       0.727      -0.126       2.227    0.15%       0.153      0.654
     SEX_M                 1.503      -0.014       1.000   27.81%       1.000      1.500      1.500
             658.000       0.141      -1.243       2.000   28.27%       1.500      2.000
     AGE_1_M              16.090      -0.122      12.750    0.15%      14.958     15.750     16.125
             658.000       1.729      -0.396      20.042    0.15%      16.500     17.250
     INCOME_M              3.549      -0.811       0.000    0.73%       2.996      3.434      3.664
             547.000       0.665       2.313       6.908    0.18%       3.850      4.190
     PAR_ED_M              3.861      -0.105       0.500    0.15%       3.000      3.500      4.000
             652.000       1.485      -0.597       6.000    6.29%       4.000      5.000
     AFR                   0.172       1.741       0.000   82.83%       0.000      0.000      0.000
             658.000       0.142       1.030       1.000   17.17%       0.000      0.000
     EAS                   0.047       4.275       0.000   95.29%       0.000      0.000      0.000
             658.000       0.045      16.275       1.000    4.71%       0.000      0.000
     HIS                   0.105       2.579       0.000   89.51%       0.000      0.000      0.000
             658.000       0.094       4.653       1.000   10.49%       0.000      0.000
     PGS                   0.000      -0.009      -1.710    0.07%      -0.410     -0.100      0.000
            1351.000       0.246       0.242       1.710    0.07%       0.102      0.409
     SEX                   0.000      -0.017      -0.750    0.07%      -0.500      0.000      0.000
            1351.000       0.110      -0.639       0.667    0.81%       0.000      0.500
     AGE_1                 0.000       0.038      -2.958    0.07%      -0.958      0.000      0.000
            1351.000       1.058      -0.368       2.958    0.07%       0.000      0.958
     PR_PARENT            -0.032      -0.282      -3.543    0.08%      -0.835     -0.322     -0.027
            1206.000       1.037      -0.160       1.820    5.22%       0.238      0.890
     PR_CHILD              0.049      -0.288      -3.724    0.07%      -0.750     -0.224     -0.030
            1334.000       0.932      -0.228       1.553   11.62%       0.340      1.016
     DEL_PEER             -0.029       0.451      -1.152   29.30%      -1.152     -0.398     -0.058
            1348.000       0.953      -0.726       2.545    0.37%       0.238      0.807
     SCHO_CON              0.047      -0.036      -3.392    0.07%      -0.750     -0.165      0.054
            1347.000       0.975      -0.028       2.252    1.93%       0.231      0.848
     ASB_1                -0.063       1.202      -0.823   42.48%      -0.823     -0.823     -0.629
            1349.000       0.929       0.731       4.186    0.07%       0.002      0.750
     SUB_1                -0.052       0.871      -1.074   13.25%      -0.906     -0.731     -0.374
            1351.000       0.971      -0.145       3.378    0.07%       0.008      0.882
     ASB_3                -0.030       1.726      -0.770   42.48%      -0.770     -0.770     -0.470
            1349.000       1.055       2.729       4.668    0.07%      -0.278      0.726
     SUB_3                -0.002       0.312      -1.489   13.25%      -0.988     -0.342     -0.036
            1351.000       1.054      -0.569       3.104    0.07%       0.247      0.897


THE MODEL ESTIMATION TERMINATED NORMALLY

     USE THE FBITERATIONS OPTION TO INCREASE THE NUMBER OF ITERATIONS BY A FACTOR
     OF AT LEAST TWO TO CHECK CONVERGENCE AND THAT THE PSR VALUE DOES NOT INCREASE.



MODEL FIT INFORMATION

Number of Free Parameters                             220

Bayesian Posterior Predictive Checking using Chi-Square

          95% Confidence Interval for the Difference Between
          the Observed and the Replicated Chi-Square Values

                                -57.112            62.734

          Posterior Predictive P-Value              0.459

Information Criteria

          Deviance (DIC)                        39146.419
          Estimated Number of Parameters (pD)    1936.085



MODEL RESULTS

                                Posterior  One-Tailed         95% C.I.
                    Estimate       S.D.      P-Value   Lower 2.5%  Upper 2.5%  Significance

Within Level

 PR_PARENT  ON
    SEX                0.084       0.066      0.102      -0.047       0.213
    AGE_1             -0.030       0.021      0.079      -0.071       0.012
    PGS               -0.095       0.044      0.016      -0.180      -0.008      *

 PR_CHILD   ON
    SEX               -0.109       0.071      0.061      -0.248       0.029
    AGE_1             -0.078       0.023      0.000      -0.123      -0.033      *
    PGS               -0.093       0.047      0.024      -0.186      -0.001      *

 DEL_PEER   ON
    SEX               -0.128       0.063      0.022      -0.251      -0.004      *
    AGE_1              0.154       0.020      0.000       0.114       0.194      *
    PGS                0.007       0.042      0.436      -0.076       0.090

 SCHO_CON   ON
    SEX                0.029       0.071      0.340      -0.111       0.170
    AGE_1             -0.009       0.023      0.351      -0.054       0.036
    PGS                0.047       0.048      0.163      -0.047       0.141

 ASB_3      ON
    SEX               -0.397       0.073      0.000      -0.541      -0.255      *
    AGE_1             -0.067       0.024      0.002      -0.113      -0.020      *
    PGS                0.099       0.049      0.023       0.002       0.195      *

 SUB_3      ON
    SEX               -0.426       0.069      0.000      -0.561      -0.291      *
    AGE_1             -0.012       0.022      0.300      -0.055       0.032
    PGS               -0.035       0.046      0.225      -0.125       0.055

 ASB_1      ON
    SEX               -0.423       0.068      0.000      -0.556      -0.290      *
    AGE_1             -0.034       0.022      0.060      -0.077       0.009
    PGS                0.099       0.045      0.014       0.011       0.188      *

 SUB_1      ON
    SEX               -0.206       0.064      0.001      -0.331      -0.080      *
    AGE_1              0.117       0.021      0.000       0.077       0.158      *
    PGS                0.085       0.043      0.025       0.000       0.169

 PGS      WITH
    SEX                0.003       0.005      0.265      -0.006       0.012
    AGE_1              0.007       0.014      0.319      -0.021       0.034

 SEX      WITH
    AGE_1             -0.011       0.009      0.123      -0.029       0.007

 PR_CHILD WITH
    PR_PARENT          0.172       0.027      0.000       0.120       0.227      *

 DEL_PEER WITH
    PR_PARENT         -0.120       0.024      0.000      -0.168      -0.074      *
    PR_CHILD          -0.120       0.026      0.000      -0.172      -0.070      *

 SCHO_CON WITH
    PR_PARENT          0.079       0.027      0.001       0.028       0.132      *
    PR_CHILD           0.219       0.030      0.000       0.162       0.281      *
    DEL_PEER          -0.092       0.026      0.000      -0.144      -0.042      *

 ASB_1    WITH
    PR_PARENT         -0.127       0.025      0.000      -0.179      -0.079      *
    PR_CHILD          -0.164       0.028      0.000      -0.220      -0.112      *
    DEL_PEER           0.252       0.026      0.000       0.203       0.305      *
    SCHO_CON          -0.132       0.028      0.000      -0.188      -0.079      *

 SUB_1    WITH
    PR_PARENT         -0.131       0.024      0.000      -0.180      -0.084      *
    PR_CHILD          -0.136       0.027      0.000      -0.189      -0.085      *
    DEL_PEER           0.301       0.026      0.000       0.253       0.354      *
    SCHO_CON          -0.124       0.026      0.000      -0.177      -0.073      *
    ASB_1              0.276       0.026      0.000       0.227       0.330      *

 ASB_3    WITH
    PR_PARENT         -0.082       0.027      0.001      -0.135      -0.029      *
    PR_CHILD          -0.090       0.029      0.001      -0.148      -0.035      *
    DEL_PEER           0.113       0.026      0.000       0.064       0.166      *
    SCHO_CON          -0.077       0.029      0.004      -0.135      -0.021      *
    ASB_1              0.367       0.031      0.000       0.310       0.431      *
    SUB_1              0.135       0.026      0.000       0.085       0.188      *

 SUB_3    WITH
    PR_PARENT         -0.034       0.026      0.092      -0.085       0.016
    PR_CHILD          -0.057       0.028      0.021      -0.112      -0.002      *
    DEL_PEER           0.121       0.025      0.000       0.073       0.172      *
    SCHO_CON          -0.052       0.028      0.032      -0.108       0.003
    ASB_1              0.093       0.027      0.000       0.042       0.146      *
    SUB_1              0.239       0.027      0.000       0.189       0.294      *
    ASB_3              0.162       0.029      0.000       0.108       0.221      *

 Means
    PGS                0.000       0.013      0.499      -0.026       0.026
    SEX                0.000       0.009      0.498      -0.018       0.018
    AGE_1              0.000       0.000      1.000       0.000       0.000

 Variances
    PGS                0.247       0.010      0.000       0.229       0.267      *
    SEX                0.111       0.004      0.000       0.103       0.120      *
    AGE_1              1.064       0.041      0.000       0.987       1.148      *

 Residual Variances
    PR_PARENT          0.567       0.033      0.000       0.507       0.637      *
    PR_CHILD           0.729       0.040      0.000       0.656       0.813      *
    DEL_PEER           0.591       0.032      0.000       0.532       0.658      *
    SCHO_CON           0.754       0.041      0.000       0.679       0.840      *
    ASB_1              0.680       0.036      0.000       0.614       0.755      *
    SUB_1              0.610       0.033      0.000       0.550       0.678      *
    ASB_3              0.788       0.041      0.000       0.712       0.874      *
    SUB_3              0.706       0.038      0.000       0.636       0.785      *

Between Level

 PR_PARENT  ON
    PGS_M             -0.133       0.042      0.001      -0.216      -0.049      *
    SEX_M             -0.022       0.096      0.409      -0.210       0.167
    AGE_1_M           -0.066       0.028      0.010      -0.121      -0.011      *
    INCOME_M           0.097       0.055      0.039      -0.011       0.206
    PAR_ED_M           0.010       0.037      0.394      -0.062       0.082
    AFR                0.172       0.101      0.044      -0.026       0.370
    EAS               -0.072       0.192      0.356      -0.448       0.307
    HIS                0.004       0.126      0.487      -0.242       0.249

 PR_CHILD   ON
    PGS_M             -0.052       0.035      0.066      -0.120       0.016
    SEX_M             -0.172       0.079      0.015      -0.327      -0.017      *
    AGE_1_M           -0.125       0.022      0.000      -0.169      -0.081      *
    INCOME_M           0.002       0.046      0.483      -0.090       0.093
    PAR_ED_M           0.011       0.030      0.363      -0.048       0.070
    AFR                0.110       0.084      0.094      -0.054       0.274
    EAS               -0.184       0.140      0.093      -0.459       0.091
    HIS                0.021       0.101      0.416      -0.177       0.219

 DEL_PEER   ON
    PGS_M              0.171       0.035      0.000       0.102       0.240      *
    SEX_M             -0.030       0.080      0.353      -0.187       0.126
    AGE_1_M            0.174       0.023      0.000       0.129       0.218      *
    INCOME_M           0.039       0.049      0.213      -0.056       0.134
    PAR_ED_M          -0.061       0.031      0.025      -0.121       0.000      *
    AFR               -0.098       0.085      0.126      -0.265       0.070
    EAS               -0.322       0.143      0.012      -0.602      -0.040      *
    HIS                0.004       0.103      0.483      -0.197       0.206

 SCHO_CON   ON
    PGS_M             -0.038       0.036      0.149      -0.109       0.034
    SEX_M             -0.005       0.083      0.476      -0.166       0.157
    AGE_1_M           -0.063       0.023      0.004      -0.108      -0.017      *
    INCOME_M          -0.027       0.049      0.291      -0.123       0.070
    PAR_ED_M           0.060       0.031      0.028      -0.002       0.121
    AFR               -0.234       0.087      0.003      -0.405      -0.064      *
    EAS                0.292       0.147      0.024       0.003       0.581      *
    HIS                0.107       0.106      0.156      -0.102       0.314

 ASB_1      ON
    PGS_M              0.168       0.034      0.000       0.101       0.235      *
    SEX_M             -0.559       0.077      0.000      -0.710      -0.408      *
    AGE_1_M           -0.017       0.022      0.216      -0.060       0.026
    INCOME_M          -0.030       0.047      0.267      -0.121       0.063
    PAR_ED_M           0.002       0.030      0.467      -0.056       0.061
    AFR               -0.021       0.082      0.401      -0.181       0.142
    EAS               -0.128       0.138      0.177      -0.400       0.141
    HIS                0.115       0.099      0.121      -0.079       0.309

 SUB_1      ON
    PGS_M              0.188       0.035      0.000       0.120       0.256      *
    SEX_M             -0.196       0.079      0.006      -0.351      -0.042      *
    AGE_1_M            0.172       0.022      0.000       0.128       0.215      *
    INCOME_M           0.114       0.047      0.008       0.021       0.206      *
    PAR_ED_M          -0.042       0.030      0.085      -0.101       0.018
    AFR               -0.289       0.084      0.000      -0.452      -0.124      *
    EAS               -0.641       0.141      0.000      -0.918      -0.363      *
    HIS               -0.007       0.101      0.473      -0.206       0.191

 ASB_3      ON
    PGS_M              0.178       0.036      0.000       0.107       0.248      *
    SEX_M             -0.653       0.081      0.000      -0.812      -0.495      *
    AGE_1_M           -0.055       0.023      0.008      -0.100      -0.010      *
    INCOME_M           0.021       0.050      0.335      -0.078       0.121
    PAR_ED_M           0.033       0.032      0.151      -0.029       0.095
    AFR                0.134       0.087      0.062      -0.036       0.303
    EAS               -0.077       0.145      0.295      -0.360       0.206
    HIS                0.106       0.104      0.153      -0.098       0.309

 SUB_3      ON
    PGS_M              0.070       0.035      0.023       0.001       0.140      *
    SEX_M             -0.485       0.080      0.000      -0.642      -0.328      *
    AGE_1_M            0.024       0.023      0.147      -0.020       0.068
    INCOME_M           0.204       0.048      0.000       0.109       0.297      *
    PAR_ED_M          -0.002       0.031      0.478      -0.063       0.058
    AFR               -0.561       0.086      0.000      -0.729      -0.393      *
    EAS               -0.568       0.144      0.000      -0.849      -0.287      *
    HIS               -0.204       0.103      0.023      -0.406      -0.004      *

 PGS_M    WITH
    SEX_M              0.042       0.013      0.001       0.017       0.068      *
    AGE_1_M            0.026       0.046      0.281      -0.063       0.116
    INCOME_M          -0.061       0.031      0.023      -0.122      -0.002      *
    PAR_ED_M          -0.127       0.043      0.001      -0.212      -0.044      *
    AFR               -0.014       0.013      0.148      -0.039       0.012
    EAS                0.020       0.007      0.003       0.006       0.035      *
    HIS                0.006       0.011      0.286      -0.015       0.027

 SEX_M    WITH
    AGE_1_M           -0.015       0.020      0.232      -0.054       0.025
    INCOME_M          -0.012       0.014      0.194      -0.038       0.015
    PAR_ED_M          -0.028       0.019      0.070      -0.065       0.009
    AFR                0.010       0.006      0.040      -0.001       0.022
    EAS               -0.006       0.003      0.029      -0.013       0.000
    HIS               -0.010       0.005      0.019      -0.019      -0.001      *

 AGE_1_M  WITH
    INCOME_M           0.071       0.048      0.069      -0.023       0.166
    PAR_ED_M          -0.069       0.065      0.145      -0.198       0.059
    AFR               -0.045       0.020      0.013      -0.086      -0.006      *
    EAS                0.022       0.011      0.028      -0.001       0.044
    HIS                0.031       0.016      0.030      -0.001       0.063

 INCOME_M WITH
    PAR_ED_M           0.549       0.050      0.000       0.456       0.654      *
    AFR               -0.098       0.014      0.000      -0.127      -0.071      *
    EAS               -0.002       0.008      0.398      -0.019       0.014
    HIS               -0.017       0.011      0.059      -0.040       0.004

 PAR_ED_M WITH
    AFR               -0.053       0.019      0.002      -0.091      -0.017      *
    EAS                0.025       0.011      0.009       0.004       0.046      *
    HIS               -0.096       0.016      0.000      -0.128      -0.066      *

 AFR      WITH
    EAS               -0.008       0.003      0.005      -0.015      -0.002      *
    HIS               -0.018       0.005      0.000      -0.028      -0.009      *

 EAS      WITH
    HIS               -0.005       0.003      0.028      -0.010       0.000

 PR_CHILD WITH
    PR_PARENT          0.124       0.031      0.000       0.065       0.186      *

 DEL_PEER WITH
    PR_PARENT         -0.083       0.030      0.002      -0.144      -0.026      *
    PR_CHILD          -0.055       0.026      0.016      -0.107      -0.005      *

 SCHO_CON WITH
    PR_PARENT          0.088       0.031      0.002       0.029       0.150      *
    PR_CHILD           0.065       0.028      0.009       0.011       0.122      *
    DEL_PEER          -0.107       0.027      0.000      -0.161      -0.056      *

 ASB_1    WITH
    PR_PARENT         -0.074       0.030      0.005      -0.133      -0.017      *
    PR_CHILD          -0.053       0.026      0.017      -0.105      -0.004      *
    DEL_PEER           0.123       0.027      0.000       0.073       0.178      *
    SCHO_CON          -0.099       0.027      0.000      -0.153      -0.048      *

 SUB_1    WITH
    PR_PARENT         -0.083       0.030      0.002      -0.143      -0.026      *
    PR_CHILD          -0.055       0.026      0.016      -0.107      -0.005      *
    DEL_PEER           0.224       0.030      0.000       0.168       0.284      *
    SCHO_CON          -0.103       0.027      0.000      -0.157      -0.052      *
    ASB_1              0.117       0.027      0.000       0.067       0.172      *

 ASB_3    WITH
    PR_PARENT         -0.053       0.031      0.039      -0.115       0.006
    PR_CHILD          -0.056       0.026      0.015      -0.108      -0.006      *
    DEL_PEER           0.078       0.026      0.001       0.028       0.130      *
    SCHO_CON          -0.056       0.027      0.019      -0.110      -0.003      *
    ASB_1              0.171       0.030      0.000       0.115       0.232      *
    SUB_1              0.074       0.026      0.002       0.024       0.125      *

 SUB_3    WITH
    PR_PARENT         -0.046       0.030      0.060      -0.106       0.012
    PR_CHILD          -0.028       0.026      0.139      -0.081       0.022
    DEL_PEER           0.106       0.026      0.000       0.055       0.159      *
    SCHO_CON          -0.063       0.028      0.010      -0.118      -0.010      *
    ASB_1              0.080       0.026      0.001       0.031       0.131      *
    SUB_1              0.140       0.028      0.000       0.088       0.196      *
    ASB_3              0.097       0.027      0.000       0.045       0.151      *

 Means
    PGS_M             -0.058       0.034      0.044      -0.124       0.009
    SEX_M              1.503       0.015      0.000       1.474       1.532      *
    AGE_1_M           16.091       0.052      0.000      15.988      16.192      *
    INCOME_M           3.536       0.035      0.000       3.467       3.605      *
    PAR_ED_M           3.857       0.048      0.000       3.763       3.951      *
    AFR                0.172       0.015      0.000       0.142       0.201      *
    EAS                0.047       0.008      0.000       0.031       0.064      *
    HIS                0.105       0.012      0.000       0.081       0.129      *

 Intercepts
    PR_PARENT          0.628       0.505      0.107      -0.362       1.620
    PR_CHILD           2.246       0.405      0.000       1.449       3.038      *
    DEL_PEER          -2.646       0.412      0.000      -3.458      -1.836      *
    SCHO_CON           0.948       0.424      0.013       0.115       1.776      *
    ASB_1              1.155       0.401      0.002       0.366       1.936      *
    SUB_1             -2.668       0.405      0.000      -3.460      -1.873      *
    ASB_3              1.618       0.420      0.000       0.792       2.445      *
    SUB_3             -0.220       0.414      0.298      -1.032       0.590

 Variances
    PGS_M              0.747       0.042      0.000       0.671       0.836      *
    SEX_M              0.145       0.008      0.000       0.130       0.162      *
    AGE_1_M            1.776       0.099      0.000       1.597       1.986      *
    INCOME_M           0.710       0.044      0.000       0.630       0.804      *
    PAR_ED_M           1.529       0.086      0.000       1.373       1.710      *
    AFR                0.146       0.008      0.000       0.131       0.163      *
    EAS                0.046       0.003      0.000       0.041       0.052      *
    HIS                0.096       0.005      0.000       0.087       0.108      *

 Residual Variances
    PR_PARENT          0.474       0.048      0.000       0.386       0.573      *
    PR_CHILD           0.189       0.037      0.000       0.118       0.263      *
    DEL_PEER           0.280       0.036      0.000       0.214       0.353      *
    SCHO_CON           0.230       0.039      0.000       0.156       0.311      *
    ASB_1              0.199       0.034      0.000       0.136       0.269      *
    SUB_1              0.249       0.035      0.000       0.184       0.320      *
    ASB_3              0.200       0.037      0.000       0.131       0.277      *
    SUB_3              0.218       0.037      0.000       0.151       0.294      *

New/Additional Parameters
    D_PARENT          -0.039       0.061      0.263      -0.159       0.081
    D_CHILD            0.041       0.059      0.242      -0.074       0.156
    D_PEER             0.164       0.055      0.001       0.055       0.272      *
    D_SCHO            -0.085       0.060      0.080      -0.202       0.033


CREDIBILITY INTERVALS OF MODEL RESULTS

                  Lower .5%  Lower 2.5%    Lower 5%    Estimate    Upper 5%  Upper 2.5%   Upper .5%

Within Level

 PR_PAREN ON
    SEX             -0.086      -0.047      -0.026       0.084       0.192       0.213       0.253
    AGE_1           -0.083      -0.071      -0.064      -0.030       0.005       0.012       0.025
    PGS             -0.208      -0.180      -0.166      -0.095      -0.022      -0.008       0.019

 PR_CHILD ON
    SEX             -0.291      -0.248      -0.225      -0.109       0.007       0.029       0.075
    AGE_1           -0.137      -0.123      -0.115      -0.078      -0.041      -0.033      -0.019
    PGS             -0.215      -0.186      -0.171      -0.093      -0.016      -0.001       0.028

 DEL_PEER ON
    SEX             -0.290      -0.251      -0.232      -0.128      -0.024      -0.004       0.035
    AGE_1            0.101       0.114       0.120       0.154       0.187       0.194       0.206
    PGS             -0.102      -0.076      -0.063       0.007       0.076       0.090       0.116

 SCHO_CON ON
    SEX             -0.155      -0.111      -0.088       0.029       0.147       0.170       0.214
    AGE_1           -0.068      -0.054      -0.047      -0.009       0.029       0.036       0.050
    PGS             -0.076      -0.047      -0.032       0.047       0.126       0.141       0.170

 ASB_3    ON
    SEX             -0.585      -0.541      -0.517      -0.397      -0.277      -0.255      -0.210
    AGE_1           -0.128      -0.113      -0.106      -0.067      -0.028      -0.020      -0.006
    PGS             -0.027       0.002       0.018       0.099       0.179       0.195       0.225

 SUB_3    ON
    SEX             -0.603      -0.561      -0.540      -0.426      -0.312      -0.291      -0.249
    AGE_1           -0.069      -0.055      -0.048      -0.012       0.025       0.032       0.045
    PGS             -0.153      -0.125      -0.110      -0.035       0.041       0.055       0.084

 ASB_1    ON
    SEX             -0.598      -0.556      -0.535      -0.423      -0.311      -0.290      -0.248
    AGE_1           -0.090      -0.077      -0.070      -0.034       0.002       0.009       0.022
    PGS             -0.018       0.011       0.025       0.099       0.174       0.188       0.217

 SUB_1    ON
    SEX             -0.371      -0.331      -0.310      -0.206      -0.100      -0.080      -0.039
    AGE_1            0.064       0.077       0.083       0.117       0.151       0.158       0.171
    PGS             -0.027       0.000       0.014       0.085       0.155       0.169       0.195

 PGS      WITH
    SEX             -0.009      -0.006      -0.005       0.003       0.010       0.012       0.015
    AGE_1           -0.029      -0.021      -0.016       0.007       0.030       0.034       0.043

 SEX      WITH
    AGE_1           -0.035      -0.029      -0.026      -0.011       0.004       0.007       0.013

 PR_CHILD WITH
    PR_PARENT        0.104       0.120       0.128       0.172       0.218       0.227       0.246

 DEL_PEER WITH
    PR_PARENT       -0.185      -0.168      -0.161      -0.120      -0.082      -0.074      -0.060
    PR_CHILD        -0.188      -0.172      -0.163      -0.120      -0.078      -0.070      -0.055

 SCHO_CON WITH
    PR_PARENT        0.012       0.028       0.036       0.079       0.124       0.132       0.150
    PR_CHILD         0.145       0.162       0.171       0.219       0.271       0.281       0.302
    DEL_PEER        -0.161      -0.144      -0.135      -0.092      -0.050      -0.042      -0.026

 ASB_1    WITH
    PR_PARENT       -0.195      -0.179      -0.170      -0.127      -0.087      -0.079      -0.063
    PR_CHILD        -0.239      -0.220      -0.211      -0.164      -0.120      -0.112      -0.095
    DEL_PEER         0.189       0.203       0.211       0.252       0.296       0.305       0.323
    SCHO_CON        -0.207      -0.188      -0.179      -0.132      -0.088      -0.079      -0.063

 SUB_1    WITH
    PR_PARENT       -0.196      -0.180      -0.171      -0.131      -0.091      -0.084      -0.070
    PR_CHILD        -0.207      -0.189      -0.181      -0.136      -0.093      -0.085      -0.070
    DEL_PEER         0.240       0.253       0.260       0.301       0.345       0.354       0.373
    SCHO_CON        -0.194      -0.177      -0.168      -0.124      -0.081      -0.073      -0.058
    ASB_1            0.212       0.227       0.234       0.276       0.321       0.330       0.349

 ASB_3    WITH
    PR_PARENT       -0.152      -0.135      -0.127      -0.082      -0.038      -0.029      -0.013
    PR_CHILD        -0.166      -0.148      -0.139      -0.090      -0.043      -0.035      -0.017
    DEL_PEER         0.048       0.064       0.071       0.113       0.157       0.166       0.184
    SCHO_CON        -0.154      -0.135      -0.126      -0.077      -0.030      -0.021      -0.002
    ASB_1            0.293       0.310       0.318       0.367       0.420       0.431       0.453
    SUB_1            0.069       0.085       0.093       0.135       0.180       0.188       0.206

 SUB_3    WITH
    PR_PARENT       -0.101      -0.085      -0.076      -0.034       0.008       0.016       0.032
    PR_CHILD        -0.129      -0.112      -0.103      -0.057      -0.011      -0.002       0.015
    DEL_PEER         0.058       0.073       0.080       0.121       0.163       0.172       0.189
    SCHO_CON        -0.126      -0.108      -0.098      -0.052      -0.006       0.003       0.020
    ASB_1            0.026       0.042       0.050       0.093       0.138       0.146       0.164
    SUB_1            0.174       0.189       0.197       0.239       0.285       0.294       0.312
    ASB_3            0.092       0.108       0.116       0.162       0.211       0.221       0.240

 Means
    PGS             -0.035      -0.026      -0.022       0.000       0.022       0.026       0.035
    SEX             -0.024      -0.018      -0.015       0.000       0.015       0.018       0.023
    AGE_1            0.000       0.000       0.000       0.000       0.000       0.000       0.000

 Variances
    PGS              0.224       0.229       0.232       0.247       0.263       0.267       0.273
    SEX              0.100       0.103       0.104       0.111       0.118       0.120       0.122
    AGE_1            0.964       0.987       0.999       1.064       1.134       1.148       1.176

 Residual Variances
    PR_PARENT        0.490       0.507       0.516       0.567       0.624       0.637       0.660
    PR_CHILD         0.634       0.656       0.667       0.729       0.798       0.813       0.841
    DEL_PEER         0.515       0.532       0.541       0.591       0.646       0.658       0.680
    SCHO_CON         0.657       0.679       0.690       0.754       0.825       0.840       0.869
    ASB_1            0.594       0.614       0.624       0.680       0.742       0.755       0.780
    SUB_1            0.532       0.550       0.559       0.610       0.667       0.678       0.702
    ASB_3            0.690       0.712       0.724       0.788       0.859       0.874       0.903
    SUB_3            0.617       0.636       0.647       0.706       0.772       0.785       0.812

Between Level

 PR_PAREN ON
    PGS_M           -0.242      -0.216      -0.203      -0.133      -0.063      -0.049      -0.023
    SEX_M           -0.267      -0.210      -0.180      -0.022       0.136       0.167       0.226
    AGE_1_M         -0.138      -0.121      -0.112      -0.066      -0.020      -0.011       0.007
    INCOME_M        -0.045      -0.011       0.007       0.097       0.188       0.206       0.241
    PAR_ED_M        -0.085      -0.062      -0.051       0.010       0.070       0.082       0.105
    AFR             -0.090      -0.026       0.006       0.172       0.338       0.370       0.435
    EAS             -0.569      -0.448      -0.386      -0.072       0.245       0.307       0.426
    HIS             -0.318      -0.242      -0.203       0.004       0.210       0.249       0.327

 PR_CHILD ON
    PGS_M           -0.142      -0.120      -0.109      -0.052       0.005       0.016       0.037
    SEX_M           -0.376      -0.327      -0.302      -0.172      -0.042      -0.017       0.033
    AGE_1_M         -0.183      -0.169      -0.162      -0.125      -0.088      -0.081      -0.068
    INCOME_M        -0.118      -0.090      -0.074       0.002       0.078       0.093       0.121
    PAR_ED_M        -0.067      -0.048      -0.039       0.011       0.060       0.070       0.088
    AFR             -0.106      -0.054      -0.028       0.110       0.248       0.274       0.324
    EAS             -0.544      -0.459      -0.414      -0.184       0.046       0.091       0.177
    HIS             -0.238      -0.177      -0.145       0.021       0.187       0.219       0.282

 DEL_PEER ON
    PGS_M            0.079       0.102       0.113       0.171       0.229       0.240       0.262
    SEX_M           -0.235      -0.187      -0.162      -0.030       0.101       0.126       0.175
    AGE_1_M          0.115       0.129       0.137       0.174       0.211       0.218       0.232
    INCOME_M        -0.087      -0.056      -0.041       0.039       0.119       0.134       0.165
    PAR_ED_M        -0.140      -0.121      -0.111      -0.061      -0.010       0.000       0.018
    AFR             -0.315      -0.265      -0.238      -0.098       0.043       0.070       0.123
    EAS             -0.694      -0.602      -0.556      -0.322      -0.086      -0.040       0.048
    HIS             -0.259      -0.197      -0.165       0.004       0.173       0.206       0.271

 SCHO_CON ON
    PGS_M           -0.131      -0.109      -0.098      -0.038       0.022       0.034       0.056
    SEX_M           -0.218      -0.166      -0.140      -0.005       0.131       0.157       0.205
    AGE_1_M         -0.122      -0.108      -0.101      -0.063      -0.025      -0.017      -0.003
    INCOME_M        -0.153      -0.123      -0.108      -0.027       0.054       0.070       0.102
    PAR_ED_M        -0.021      -0.002       0.008       0.060       0.111       0.121       0.141
    AFR             -0.459      -0.405      -0.378      -0.234      -0.091      -0.064      -0.011
    EAS             -0.087       0.003       0.050       0.292       0.535       0.581       0.670
    HIS             -0.166      -0.102      -0.068       0.107       0.280       0.314       0.379

 ASB_1    ON
    PGS_M            0.080       0.101       0.112       0.168       0.224       0.235       0.256
    SEX_M           -0.756      -0.710      -0.685      -0.559      -0.432      -0.408      -0.359
    AGE_1_M         -0.074      -0.060      -0.053      -0.017       0.019       0.026       0.040
    INCOME_M        -0.150      -0.121      -0.106      -0.030       0.048       0.063       0.092
    PAR_ED_M        -0.074      -0.056      -0.047       0.002       0.052       0.061       0.079
    AFR             -0.232      -0.181      -0.155      -0.021       0.115       0.142       0.193
    EAS             -0.484      -0.400      -0.355      -0.128       0.098       0.141       0.225
    HIS             -0.139      -0.079      -0.048       0.115       0.278       0.309       0.369

 SUB_1    ON
    PGS_M            0.098       0.120       0.131       0.188       0.245       0.256       0.278
    SEX_M           -0.399      -0.351      -0.326      -0.196      -0.067      -0.042       0.005
    AGE_1_M          0.114       0.128       0.135       0.172       0.208       0.215       0.229
    INCOME_M        -0.007       0.021       0.036       0.114       0.192       0.206       0.236
    PAR_ED_M        -0.120      -0.101      -0.092      -0.042       0.008       0.018       0.036
    AFR             -0.505      -0.452      -0.426      -0.289      -0.151      -0.124      -0.071
    EAS             -1.006      -0.918      -0.874      -0.641      -0.408      -0.363      -0.278
    HIS             -0.268      -0.206      -0.174      -0.007       0.158       0.191       0.251

 ASB_3    ON
    PGS_M            0.085       0.107       0.119       0.178       0.237       0.248       0.270
    SEX_M           -0.862      -0.812      -0.787      -0.653      -0.520      -0.495      -0.446
    AGE_1_M         -0.115      -0.100      -0.093      -0.055      -0.017      -0.010       0.004
    INCOME_M        -0.108      -0.078      -0.062       0.021       0.105       0.121       0.152
    PAR_ED_M        -0.049      -0.029      -0.019       0.033       0.085       0.095       0.113
    AFR             -0.091      -0.036      -0.009       0.134       0.276       0.303       0.355
    EAS             -0.450      -0.360      -0.315      -0.077       0.160       0.206       0.297
    HIS             -0.162      -0.098      -0.065       0.106       0.277       0.309       0.374

 SUB_3    ON
    PGS_M           -0.021       0.001       0.012       0.070       0.128       0.140       0.162
    SEX_M           -0.690      -0.642      -0.616      -0.485      -0.353      -0.328      -0.279
    AGE_1_M         -0.034      -0.020      -0.013       0.024       0.061       0.068       0.082
    INCOME_M         0.079       0.109       0.124       0.204       0.282       0.297       0.327
    PAR_ED_M        -0.082      -0.063      -0.053      -0.002       0.049       0.058       0.077
    AFR             -0.784      -0.729      -0.702      -0.561      -0.420      -0.393      -0.340
    EAS             -0.939      -0.849      -0.805      -0.568      -0.332      -0.287      -0.197
    HIS             -0.469      -0.406      -0.374      -0.204      -0.036      -0.004       0.059

 PGS_M    WITH
    SEX_M            0.009       0.017       0.021       0.042       0.064       0.068       0.077
    AGE_1_M         -0.092      -0.063      -0.049       0.026       0.101       0.116       0.145
    INCOME_M        -0.142      -0.122      -0.112      -0.061      -0.011      -0.002       0.017
    PAR_ED_M        -0.240      -0.212      -0.198      -0.127      -0.058      -0.044      -0.019
    AFR             -0.048      -0.039      -0.035      -0.014       0.008       0.012       0.020
    EAS              0.001       0.006       0.008       0.020       0.033       0.035       0.040
    HIS             -0.022      -0.015      -0.011       0.006       0.023       0.027       0.034

 SEX_M    WITH
    AGE_1_M         -0.067      -0.054      -0.048      -0.015       0.018       0.025       0.037
    INCOME_M        -0.047      -0.038      -0.034      -0.012       0.011       0.015       0.023
    PAR_ED_M        -0.077      -0.065      -0.059      -0.028       0.003       0.009       0.021
    AFR             -0.005      -0.001       0.001       0.010       0.020       0.022       0.025
    EAS             -0.015      -0.013      -0.012      -0.006      -0.001       0.000       0.002
    HIS             -0.022      -0.019      -0.018      -0.010      -0.002      -0.001       0.002

 AGE_1_M  WITH
    INCOME_M        -0.053      -0.023      -0.008       0.071       0.151       0.166       0.197
    PAR_ED_M        -0.239      -0.198      -0.177      -0.069       0.039       0.059       0.100
    AFR             -0.099      -0.086      -0.079      -0.045      -0.012      -0.006       0.006
    EAS             -0.007      -0.001       0.003       0.022       0.040       0.044       0.052
    HIS             -0.012      -0.001       0.004       0.031       0.058       0.063       0.074

 INCOME_M WITH
    PAR_ED_M         0.428       0.456       0.470       0.549       0.636       0.654       0.690
    AFR             -0.137      -0.127      -0.122      -0.098      -0.076      -0.071      -0.063
    EAS             -0.024      -0.019      -0.016      -0.002       0.011       0.014       0.019
    HIS             -0.047      -0.040      -0.036      -0.017       0.001       0.004       0.011

 PAR_ED_M WITH
    AFR             -0.104      -0.091      -0.085      -0.053      -0.023      -0.017      -0.005
    EAS             -0.002       0.004       0.007       0.025       0.043       0.046       0.053
    HIS             -0.139      -0.128      -0.123      -0.096      -0.071      -0.066      -0.057

 AFR      WITH
    EAS             -0.017      -0.015      -0.014      -0.008      -0.003      -0.002       0.000
    HIS             -0.031      -0.028      -0.026      -0.018      -0.011      -0.009      -0.006

 EAS      WITH
    HIS             -0.012      -0.010      -0.009      -0.005      -0.001       0.000       0.002

 PR_CHILD WITH
    PR_PARENT        0.047       0.065       0.074       0.124       0.176       0.186       0.207

 DEL_PEER WITH
    PR_PARENT       -0.165      -0.144      -0.134      -0.083      -0.035      -0.026      -0.008
    PR_CHILD        -0.124      -0.107      -0.098      -0.055      -0.013      -0.005       0.011

 SCHO_CON WITH
    PR_PARENT        0.010       0.029       0.038       0.088       0.140       0.150       0.170
    PR_CHILD        -0.006       0.011       0.020       0.065       0.113       0.122       0.141
    DEL_PEER        -0.179      -0.161      -0.153      -0.107      -0.064      -0.056      -0.040

 ASB_1    WITH
    PR_PARENT       -0.152      -0.133      -0.123      -0.074      -0.026      -0.017       0.001
    PR_CHILD        -0.122      -0.105      -0.097      -0.053      -0.012      -0.004       0.011
    DEL_PEER         0.058       0.073       0.081       0.123       0.169       0.178       0.197
    SCHO_CON        -0.170      -0.153      -0.144      -0.099      -0.056      -0.048      -0.032

 SUB_1    WITH
    PR_PARENT       -0.163      -0.143      -0.133      -0.083      -0.036      -0.026      -0.009
    PR_CHILD        -0.124      -0.107      -0.098      -0.055      -0.013      -0.005       0.011
    DEL_PEER         0.152       0.168       0.177       0.224       0.274       0.284       0.306
    SCHO_CON        -0.174      -0.157      -0.148      -0.103      -0.060      -0.052      -0.037
    ASB_1            0.052       0.067       0.075       0.117       0.163       0.172       0.189

 ASB_3    WITH
    PR_PARENT       -0.135      -0.115      -0.105      -0.053      -0.004       0.006       0.024
    PR_CHILD        -0.125      -0.108      -0.100      -0.056      -0.014      -0.006       0.010
    DEL_PEER         0.013       0.028       0.036       0.078       0.122       0.130       0.147
    SCHO_CON        -0.128      -0.110      -0.101      -0.056      -0.011      -0.003       0.014
    ASB_1            0.097       0.115       0.123       0.171       0.221       0.232       0.251
    SUB_1            0.010       0.024       0.032       0.074       0.117       0.125       0.142

 SUB_3    WITH
    PR_PARENT       -0.126      -0.106      -0.096      -0.046       0.003       0.012       0.031
    PR_CHILD        -0.098      -0.081      -0.072      -0.028       0.014       0.022       0.038
    DEL_PEER         0.041       0.055       0.063       0.106       0.150       0.159       0.176
    SCHO_CON        -0.135      -0.118      -0.109      -0.063      -0.018      -0.010       0.006
    ASB_1            0.015       0.031       0.038       0.080       0.123       0.131       0.148
    SUB_1            0.073       0.088       0.097       0.140       0.187       0.196       0.215
    ASB_3            0.029       0.045       0.053       0.097       0.142       0.151       0.169

 Means
    PGS_M           -0.144      -0.124      -0.113      -0.058      -0.002       0.009       0.030
    SEX_M            1.465       1.474       1.479       1.503       1.528       1.532       1.541
    AGE_1_M         15.956      15.988      16.005      16.091      16.176      16.192      16.224
    INCOME_M         3.446       3.467       3.478       3.536       3.593       3.605       3.626
    PAR_ED_M         3.733       3.763       3.778       3.857       3.936       3.951       3.981
    AFR              0.133       0.142       0.147       0.172       0.196       0.201       0.210
    EAS              0.025       0.031       0.033       0.047       0.061       0.064       0.069
    HIS              0.074       0.081       0.085       0.105       0.125       0.129       0.136

 Intercepts
    PR_PARENT       -0.674      -0.362      -0.200       0.628       1.459       1.620       1.928
    PR_CHILD         1.205       1.449       1.578       2.246       2.911       3.038       3.292
    DEL_PEER        -3.708      -3.458      -3.322      -2.646      -1.967      -1.836      -1.577
    SCHO_CON        -0.138       0.115       0.248       0.948       1.644       1.776       2.032
    ASB_1            0.113       0.366       0.494       1.155       1.811       1.936       2.183
    SUB_1           -3.714      -3.460      -3.334      -2.668      -2.001      -1.873      -1.618
    ASB_3            0.531       0.792       0.924       1.618       2.309       2.445       2.713
    SUB_3           -1.285      -1.032      -0.901      -0.220       0.461       0.590       0.847

 Variances
    PGS_M            0.650       0.671       0.683       0.747       0.820       0.836       0.867
    SEX_M            0.126       0.130       0.133       0.145       0.159       0.162       0.168
    AGE_1_M          1.545       1.597       1.623       1.776       1.950       1.986       2.060
    INCOME_M         0.608       0.630       0.642       0.710       0.788       0.804       0.837
    PAR_ED_M         1.328       1.373       1.396       1.529       1.680       1.710       1.772
    AFR              0.127       0.131       0.134       0.146       0.160       0.163       0.169
    EAS              0.040       0.041       0.042       0.046       0.051       0.052       0.053
    HIS              0.084       0.087       0.088       0.096       0.106       0.108       0.112

 Residual Variances
    PR_PARENT        0.361       0.386       0.399       0.474       0.556       0.573       0.608
    PR_CHILD         0.098       0.118       0.130       0.189       0.251       0.263       0.287
    DEL_PEER         0.196       0.214       0.224       0.280       0.341       0.353       0.377
    SCHO_CON         0.134       0.156       0.167       0.230       0.297       0.311       0.338
    ASB_1            0.118       0.136       0.145       0.199       0.258       0.269       0.293
    SUB_1            0.166       0.184       0.194       0.249       0.308       0.320       0.344
    ASB_3            0.112       0.131       0.142       0.200       0.264       0.277       0.302
    SUB_3            0.130       0.151       0.161       0.218       0.281       0.294       0.320

New/Additional Parameters
    D_PARENT        -0.197      -0.159      -0.140      -0.039       0.062       0.081       0.120
    D_CHILD         -0.110      -0.074      -0.055       0.041       0.138       0.156       0.192
    D_PEER           0.022       0.055       0.073       0.164       0.255       0.272       0.306
    D_SCHO          -0.239      -0.202      -0.183      -0.085       0.014       0.033       0.071


TECHNICAL 1 OUTPUT


     PARAMETER SPECIFICATION FOR WITHIN


           NU
              PGS           SEX           AGE_1         PR_PAREN      PR_CHILD
              ________      ________      ________      ________      ________
                    0             0             0             0             0


           NU
              DEL_PEER      SCHO_CON      ASB_1         SUB_1         ASB_3
              ________      ________      ________      ________      ________
                    0             0             0             0             0


           NU
              SUB_3
              ________
                    0


           LAMBDA
              PGS           SEX           AGE_1         PR_PAREN      PR_CHILD
              ________      ________      ________      ________      ________
 PGS                0             0             0             0             0
 SEX                0             0             0             0             0
 AGE_1              0             0             0             0             0
 PR_PAREN           0             0             0             0             0
 PR_CHILD           0             0             0             0             0
 DEL_PEER           0             0             0             0             0
 SCHO_CON           0             0             0             0             0
 ASB_1              0             0             0             0             0
 SUB_1              0             0             0             0             0
 ASB_3              0             0             0             0             0
 SUB_3              0             0             0             0             0


           LAMBDA
              DEL_PEER      SCHO_CON      ASB_1         SUB_1         ASB_3
              ________      ________      ________      ________      ________
 PGS                0             0             0             0             0
 SEX                0             0             0             0             0
 AGE_1              0             0             0             0             0
 PR_PAREN           0             0             0             0             0
 PR_CHILD           0             0             0             0             0
 DEL_PEER           0             0             0             0             0
 SCHO_CON           0             0             0             0             0
 ASB_1              0             0             0             0             0
 SUB_1              0             0             0             0             0
 ASB_3              0             0             0             0             0
 SUB_3              0             0             0             0             0


           LAMBDA
              SUB_3
              ________
 PGS                0
 SEX                0
 AGE_1              0
 PR_PAREN           0
 PR_CHILD           0
 DEL_PEER           0
 SCHO_CON           0
 ASB_1              0
 SUB_1              0
 ASB_3              0
 SUB_3              0


           THETA
              PGS           SEX           AGE_1         PR_PAREN      PR_CHILD
              ________      ________      ________      ________      ________
 PGS                0
 SEX                0             0
 AGE_1              0             0             0
 PR_PAREN           0             0             0             0
 PR_CHILD           0             0             0             0             0
 DEL_PEER           0             0             0             0             0
 SCHO_CON           0             0             0             0             0
 ASB_1              0             0             0             0             0
 SUB_1              0             0             0             0             0
 ASB_3              0             0             0             0             0
 SUB_3              0             0             0             0             0


           THETA
              DEL_PEER      SCHO_CON      ASB_1         SUB_1         ASB_3
              ________      ________      ________      ________      ________
 DEL_PEER           0
 SCHO_CON           0             0
 ASB_1              0             0             0
 SUB_1              0             0             0             0
 ASB_3              0             0             0             0             0
 SUB_3              0             0             0             0             0


           THETA
              SUB_3
              ________
 SUB_3              0


           ALPHA
              PGS           SEX           AGE_1         PR_PAREN      PR_CHILD
              ________      ________      ________      ________      ________
                    1             2             0             0             0


           ALPHA
              DEL_PEER      SCHO_CON      ASB_1         SUB_1         ASB_3
              ________      ________      ________      ________      ________
                    0             0             0             0             0


           ALPHA
              SUB_3
              ________
                    0


           BETA
              PGS           SEX           AGE_1         PR_PAREN      PR_CHILD
              ________      ________      ________      ________      ________
 PGS                0             0             0             0             0
 SEX                0             0             0             0             0
 AGE_1              0             0             0             0             0
 PR_PAREN           3             4             5             0             0
 PR_CHILD           6             7             8             0             0
 DEL_PEER           9            10            11             0             0
 SCHO_CON          12            13            14             0             0
 ASB_1             15            16            17             0             0
 SUB_1             18            19            20             0             0
 ASB_3             21            22            23             0             0
 SUB_3             24            25            26             0             0


           BETA
              DEL_PEER      SCHO_CON      ASB_1         SUB_1         ASB_3
              ________      ________      ________      ________      ________
 PGS                0             0             0             0             0
 SEX                0             0             0             0             0
 AGE_1              0             0             0             0             0
 PR_PAREN           0             0             0             0             0
 PR_CHILD           0             0             0             0             0
 DEL_PEER           0             0             0             0             0
 SCHO_CON           0             0             0             0             0
 ASB_1              0             0             0             0             0
 SUB_1              0             0             0             0             0
 ASB_3              0             0             0             0             0
 SUB_3              0             0             0             0             0


           BETA
              SUB_3
              ________
 PGS                0
 SEX                0
 AGE_1              0
 PR_PAREN           0
 PR_CHILD           0
 DEL_PEER           0
 SCHO_CON           0
 ASB_1              0
 SUB_1              0
 ASB_3              0
 SUB_3              0


           PSI
              PGS           SEX           AGE_1         PR_PAREN      PR_CHILD
              ________      ________      ________      ________      ________
 PGS               27
 SEX               28            29
 AGE_1             30            31            32
 PR_PAREN           0             0             0            33
 PR_CHILD           0             0             0            34            35
 DEL_PEER           0             0             0            36            37
 SCHO_CON           0             0             0            39            40
 ASB_1              0             0             0            43            44
 SUB_1              0             0             0            48            49
 ASB_3              0             0             0            54            55
 SUB_3              0             0             0            61            62


           PSI
              DEL_PEER      SCHO_CON      ASB_1         SUB_1         ASB_3
              ________      ________      ________      ________      ________
 DEL_PEER          38
 SCHO_CON          41            42
 ASB_1             45            46            47
 SUB_1             50            51            52            53
 ASB_3             56            57            58            59            60
 SUB_3             63            64            65            66            67


           PSI
              SUB_3
              ________
 SUB_3             68


     PARAMETER SPECIFICATION FOR BETWEEN


           NU
              PGS_M         SEX_M         AGE_1_M       INCOME_M      PAR_ED_M
              ________      ________      ________      ________      ________
                    0             0             0             0             0


           NU
              AFR           EAS           HIS           PR_PAREN      PR_CHILD
              ________      ________      ________      ________      ________
                    0             0             0             0             0


           NU
              DEL_PEER      SCHO_CON      ASB_1         SUB_1         ASB_3
              ________      ________      ________      ________      ________
                    0             0             0             0             0


           NU
              SUB_3
              ________
                    0


           LAMBDA
              PGS_M         SEX_M         AGE_1_M       INCOME_M      PAR_ED_M
              ________      ________      ________      ________      ________
 PGS_M              0             0             0             0             0
 SEX_M              0             0             0             0             0
 AGE_1_M            0             0             0             0             0
 INCOME_M           0             0             0             0             0
 PAR_ED_M           0             0             0             0             0
 AFR                0             0             0             0             0
 EAS                0             0             0             0             0
 HIS                0             0             0             0             0
 PR_PAREN           0             0             0             0             0
 PR_CHILD           0             0             0             0             0
 DEL_PEER           0             0             0             0             0
 SCHO_CON           0             0             0             0             0
 ASB_1              0             0             0             0             0
 SUB_1              0             0             0             0             0
 ASB_3              0             0             0             0             0
 SUB_3              0             0             0             0             0


           LAMBDA
              AFR           EAS           HIS           PR_PAREN      PR_CHILD
              ________      ________      ________      ________      ________
 PGS_M              0             0             0             0             0
 SEX_M              0             0             0             0             0
 AGE_1_M            0             0             0             0             0
 INCOME_M           0             0             0             0             0
 PAR_ED_M           0             0             0             0             0
 AFR                0             0             0             0             0
 EAS                0             0             0             0             0
 HIS                0             0             0             0             0
 PR_PAREN           0             0             0             0             0
 PR_CHILD           0             0             0             0             0
 DEL_PEER           0             0             0             0             0
 SCHO_CON           0             0             0             0             0
 ASB_1              0             0             0             0             0
 SUB_1              0             0             0             0             0
 ASB_3              0             0             0             0             0
 SUB_3              0             0             0             0             0


           LAMBDA
              DEL_PEER      SCHO_CON      ASB_1         SUB_1         ASB_3
              ________      ________      ________      ________      ________
 PGS_M              0             0             0             0             0
 SEX_M              0             0             0             0             0
 AGE_1_M            0             0             0             0             0
 INCOME_M           0             0             0             0             0
 PAR_ED_M           0             0             0             0             0
 AFR                0             0             0             0             0
 EAS                0             0             0             0             0
 HIS                0             0             0             0             0
 PR_PAREN           0             0             0             0             0
 PR_CHILD           0             0             0             0             0
 DEL_PEER           0             0             0             0             0
 SCHO_CON           0             0             0             0             0
 ASB_1              0             0             0             0             0
 SUB_1              0             0             0             0             0
 ASB_3              0             0             0             0             0
 SUB_3              0             0             0             0             0


           LAMBDA
              SUB_3
              ________
 PGS_M              0
 SEX_M              0
 AGE_1_M            0
 INCOME_M           0
 PAR_ED_M           0
 AFR                0
 EAS                0
 HIS                0
 PR_PAREN           0
 PR_CHILD           0
 DEL_PEER           0
 SCHO_CON           0
 ASB_1              0
 SUB_1              0
 ASB_3              0
 SUB_3              0


           THETA
              PGS_M         SEX_M         AGE_1_M       INCOME_M      PAR_ED_M
              ________      ________      ________      ________      ________
 PGS_M              0
 SEX_M              0             0
 AGE_1_M            0             0             0
 INCOME_M           0             0             0             0
 PAR_ED_M           0             0             0             0             0
 AFR                0             0             0             0             0
 EAS                0             0             0             0             0
 HIS                0             0             0             0             0
 PR_PAREN           0             0             0             0             0
 PR_CHILD           0             0             0             0             0
 DEL_PEER           0             0             0             0             0
 SCHO_CON           0             0             0             0             0
 ASB_1              0             0             0             0             0
 SUB_1              0             0             0             0             0
 ASB_3              0             0             0             0             0
 SUB_3              0             0             0             0             0


           THETA
              AFR           EAS           HIS           PR_PAREN      PR_CHILD
              ________      ________      ________      ________      ________
 AFR                0
 EAS                0             0
 HIS                0             0             0
 PR_PAREN           0             0             0             0
 PR_CHILD           0             0             0             0             0
 DEL_PEER           0             0             0             0             0
 SCHO_CON           0             0             0             0             0
 ASB_1              0             0             0             0             0
 SUB_1              0             0             0             0             0
 ASB_3              0             0             0             0             0
 SUB_3              0             0             0             0             0


           THETA
              DEL_PEER      SCHO_CON      ASB_1         SUB_1         ASB_3
              ________      ________      ________      ________      ________
 DEL_PEER           0
 SCHO_CON           0             0
 ASB_1              0             0             0
 SUB_1              0             0             0             0
 ASB_3              0             0             0             0             0
 SUB_3              0             0             0             0             0


           THETA
              SUB_3
              ________
 SUB_3              0


           ALPHA
              PGS_M         SEX_M         AGE_1_M       INCOME_M      PAR_ED_M
              ________      ________      ________      ________      ________
                   69            70            71            72            73


           ALPHA
              AFR           EAS           HIS           PR_PAREN      PR_CHILD
              ________      ________      ________      ________      ________
                   74            75            76            77            78


           ALPHA
              DEL_PEER      SCHO_CON      ASB_1         SUB_1         ASB_3
              ________      ________      ________      ________      ________
                   79            80            81            82            83


           ALPHA
              SUB_3
              ________
                   84


           BETA
              PGS_M         SEX_M         AGE_1_M       INCOME_M      PAR_ED_M
              ________      ________      ________      ________      ________
 PGS_M              0             0             0             0             0
 SEX_M              0             0             0             0             0
 AGE_1_M            0             0             0             0             0
 INCOME_M           0             0             0             0             0
 PAR_ED_M           0             0             0             0             0
 AFR                0             0             0             0             0
 EAS                0             0             0             0             0
 HIS                0             0             0             0             0
 PR_PAREN          85            86            87            88            89
 PR_CHILD          93            94            95            96            97
 DEL_PEER         101           102           103           104           105
 SCHO_CON         109           110           111           112           113
 ASB_1            117           118           119           120           121
 SUB_1            125           126           127           128           129
 ASB_3            133           134           135           136           137
 SUB_3            141           142           143           144           145


           BETA
              AFR           EAS           HIS           PR_PAREN      PR_CHILD
              ________      ________      ________      ________      ________
 PGS_M              0             0             0             0             0
 SEX_M              0             0             0             0             0
 AGE_1_M            0             0             0             0             0
 INCOME_M           0             0             0             0             0
 PAR_ED_M           0             0             0             0             0
 AFR                0             0             0             0             0
 EAS                0             0             0             0             0
 HIS                0             0             0             0             0
 PR_PAREN          90            91            92             0             0
 PR_CHILD          98            99           100             0             0
 DEL_PEER         106           107           108             0             0
 SCHO_CON         114           115           116             0             0
 ASB_1            122           123           124             0             0
 SUB_1            130           131           132             0             0
 ASB_3            138           139           140             0             0
 SUB_3            146           147           148             0             0


           BETA
              DEL_PEER      SCHO_CON      ASB_1         SUB_1         ASB_3
              ________      ________      ________      ________      ________
 PGS_M              0             0             0             0             0
 SEX_M              0             0             0             0             0
 AGE_1_M            0             0             0             0             0
 INCOME_M           0             0             0             0             0
 PAR_ED_M           0             0             0             0             0
 AFR                0             0             0             0             0
 EAS                0             0             0             0             0
 HIS                0             0             0             0             0
 PR_PAREN           0             0             0             0             0
 PR_CHILD           0             0             0             0             0
 DEL_PEER           0             0             0             0             0
 SCHO_CON           0             0             0             0             0
 ASB_1              0             0             0             0             0
 SUB_1              0             0             0             0             0
 ASB_3              0             0             0             0             0
 SUB_3              0             0             0             0             0


           BETA
              SUB_3
              ________
 PGS_M              0
 SEX_M              0
 AGE_1_M            0
 INCOME_M           0
 PAR_ED_M           0
 AFR                0
 EAS                0
 HIS                0
 PR_PAREN           0
 PR_CHILD           0
 DEL_PEER           0
 SCHO_CON           0
 ASB_1              0
 SUB_1              0
 ASB_3              0
 SUB_3              0


           PSI
              PGS_M         SEX_M         AGE_1_M       INCOME_M      PAR_ED_M
              ________      ________      ________      ________      ________
 PGS_M            149
 SEX_M            150           151
 AGE_1_M          152           153           154
 INCOME_M         155           156           157           158
 PAR_ED_M         159           160           161           162           163
 AFR              164           165           166           167           168
 EAS              170           171           172           173           174
 HIS              177           178           179           180           181
 PR_PAREN           0             0             0             0             0
 PR_CHILD           0             0             0             0             0
 DEL_PEER           0             0             0             0             0
 SCHO_CON           0             0             0             0             0
 ASB_1              0             0             0             0             0
 SUB_1              0             0             0             0             0
 ASB_3              0             0             0             0             0
 SUB_3              0             0             0             0             0


           PSI
              AFR           EAS           HIS           PR_PAREN      PR_CHILD
              ________      ________      ________      ________      ________
 AFR              169
 EAS              175           176
 HIS              182           183           184
 PR_PAREN           0             0             0           185
 PR_CHILD           0             0             0           186           187
 DEL_PEER           0             0             0           188           189
 SCHO_CON           0             0             0           191           192
 ASB_1              0             0             0           195           196
 SUB_1              0             0             0           200           201
 ASB_3              0             0             0           206           207
 SUB_3              0             0             0           213           214


           PSI
              DEL_PEER      SCHO_CON      ASB_1         SUB_1         ASB_3
              ________      ________      ________      ________      ________
 DEL_PEER         190
 SCHO_CON         193           194
 ASB_1            197           198           199
 SUB_1            202           203           204           205
 ASB_3            208           209           210           211           212
 SUB_3            215           216           217           218           219


           PSI
              SUB_3
              ________
 SUB_3            220


     PARAMETER SPECIFICATION FOR THE ADDITIONAL PARAMETERS


           NEW/ADDITIONAL PARAMETERS
              D_PARENT      D_CHILD       D_PEER        D_SCHO
              ________      ________      ________      ________
                  221           222           223           224


     STARTING VALUES FOR WITHIN


           NU
              PGS           SEX           AGE_1         PR_PAREN      PR_CHILD
              ________      ________      ________      ________      ________
                0.000         0.000         0.000         0.000         0.000


           NU
              DEL_PEER      SCHO_CON      ASB_1         SUB_1         ASB_3
              ________      ________      ________      ________      ________
                0.000         0.000         0.000         0.000         0.000


           NU
              SUB_3
              ________
                0.000


           LAMBDA
              PGS           SEX           AGE_1         PR_PAREN      PR_CHILD
              ________      ________      ________      ________      ________
 PGS            1.000         0.000         0.000         0.000         0.000
 SEX            0.000         1.000         0.000         0.000         0.000
 AGE_1          0.000         0.000         1.000         0.000         0.000
 PR_PAREN       0.000         0.000         0.000         1.000         0.000
 PR_CHILD       0.000         0.000         0.000         0.000         1.000
 DEL_PEER       0.000         0.000         0.000         0.000         0.000
 SCHO_CON       0.000         0.000         0.000         0.000         0.000
 ASB_1          0.000         0.000         0.000         0.000         0.000
 SUB_1          0.000         0.000         0.000         0.000         0.000
 ASB_3          0.000         0.000         0.000         0.000         0.000
 SUB_3          0.000         0.000         0.000         0.000         0.000


           LAMBDA
              DEL_PEER      SCHO_CON      ASB_1         SUB_1         ASB_3
              ________      ________      ________      ________      ________
 PGS            0.000         0.000         0.000         0.000         0.000
 SEX            0.000         0.000         0.000         0.000         0.000
 AGE_1          0.000         0.000         0.000         0.000         0.000
 PR_PAREN       0.000         0.000         0.000         0.000         0.000
 PR_CHILD       0.000         0.000         0.000         0.000         0.000
 DEL_PEER       1.000         0.000         0.000         0.000         0.000
 SCHO_CON       0.000         1.000         0.000         0.000         0.000
 ASB_1          0.000         0.000         1.000         0.000         0.000
 SUB_1          0.000         0.000         0.000         1.000         0.000
 ASB_3          0.000         0.000         0.000         0.000         1.000
 SUB_3          0.000         0.000         0.000         0.000         0.000


           LAMBDA
              SUB_3
              ________
 PGS            0.000
 SEX            0.000
 AGE_1          0.000
 PR_PAREN       0.000
 PR_CHILD       0.000
 DEL_PEER       0.000
 SCHO_CON       0.000
 ASB_1          0.000
 SUB_1          0.000
 ASB_3          0.000
 SUB_3          1.000


           THETA
              PGS           SEX           AGE_1         PR_PAREN      PR_CHILD
              ________      ________      ________      ________      ________
 PGS            0.000
 SEX            0.000         0.000
 AGE_1          0.000         0.000         0.000
 PR_PAREN       0.000         0.000         0.000         0.000
 PR_CHILD       0.000         0.000         0.000         0.000         0.000
 DEL_PEER       0.000         0.000         0.000         0.000         0.000
 SCHO_CON       0.000         0.000         0.000         0.000         0.000
 ASB_1          0.000         0.000         0.000         0.000         0.000
 SUB_1          0.000         0.000         0.000         0.000         0.000
 ASB_3          0.000         0.000         0.000         0.000         0.000
 SUB_3          0.000         0.000         0.000         0.000         0.000


           THETA
              DEL_PEER      SCHO_CON      ASB_1         SUB_1         ASB_3
              ________      ________      ________      ________      ________
 DEL_PEER       0.000
 SCHO_CON       0.000         0.000
 ASB_1          0.000         0.000         0.000
 SUB_1          0.000         0.000         0.000         0.000
 ASB_3          0.000         0.000         0.000         0.000         0.000
 SUB_3          0.000         0.000         0.000         0.000         0.000


           THETA
              SUB_3
              ________
 SUB_3          0.000


           ALPHA
              PGS           SEX           AGE_1         PR_PAREN      PR_CHILD
              ________      ________      ________      ________      ________
                0.000         0.000         0.000         0.000         0.000


           ALPHA
              DEL_PEER      SCHO_CON      ASB_1         SUB_1         ASB_3
              ________      ________      ________      ________      ________
                0.000         0.000         0.000         0.000         0.000


           ALPHA
              SUB_3
              ________
                0.000


           BETA
              PGS           SEX           AGE_1         PR_PAREN      PR_CHILD
              ________      ________      ________      ________      ________
 PGS            0.000         0.000         0.000         0.000         0.000
 SEX            0.000         0.000         0.000         0.000         0.000
 AGE_1          0.000         0.000         0.000         0.000         0.000
 PR_PAREN       0.000         0.000         0.000         0.000         0.000
 PR_CHILD       0.000         0.000         0.000         0.000         0.000
 DEL_PEER       0.000         0.000         0.000         0.000         0.000
 SCHO_CON       0.000         0.000         0.000         0.000         0.000
 ASB_1          0.000         0.000         0.000         0.000         0.000
 SUB_1          0.000         0.000         0.000         0.000         0.000
 ASB_3          0.000         0.000         0.000         0.000         0.000
 SUB_3          0.000         0.000         0.000         0.000         0.000


           BETA
              DEL_PEER      SCHO_CON      ASB_1         SUB_1         ASB_3
              ________      ________      ________      ________      ________
 PGS            0.000         0.000         0.000         0.000         0.000
 SEX            0.000         0.000         0.000         0.000         0.000
 AGE_1          0.000         0.000         0.000         0.000         0.000
 PR_PAREN       0.000         0.000         0.000         0.000         0.000
 PR_CHILD       0.000         0.000         0.000         0.000         0.000
 DEL_PEER       0.000         0.000         0.000         0.000         0.000
 SCHO_CON       0.000         0.000         0.000         0.000         0.000
 ASB_1          0.000         0.000         0.000         0.000         0.000
 SUB_1          0.000         0.000         0.000         0.000         0.000
 ASB_3          0.000         0.000         0.000         0.000         0.000
 SUB_3          0.000         0.000         0.000         0.000         0.000


           BETA
              SUB_3
              ________
 PGS            0.000
 SEX            0.000
 AGE_1          0.000
 PR_PAREN       0.000
 PR_CHILD       0.000
 DEL_PEER       0.000
 SCHO_CON       0.000
 ASB_1          0.000
 SUB_1          0.000
 ASB_3          0.000
 SUB_3          0.000


           PSI
              PGS           SEX           AGE_1         PR_PAREN      PR_CHILD
              ________      ________      ________      ________      ________
 PGS            0.123
 SEX            0.000         0.055
 AGE_1          0.000         0.000         0.529
 PR_PAREN       0.000         0.000         0.000         0.519
 PR_CHILD       0.000         0.000         0.000         0.000         0.466
 DEL_PEER       0.000         0.000         0.000         0.000         0.000
 SCHO_CON       0.000         0.000         0.000         0.000         0.000
 ASB_1          0.000         0.000         0.000         0.000         0.000
 SUB_1          0.000         0.000         0.000         0.000         0.000
 ASB_3          0.000         0.000         0.000         0.000         0.000
 SUB_3          0.000         0.000         0.000         0.000         0.000


           PSI
              DEL_PEER      SCHO_CON      ASB_1         SUB_1         ASB_3
              ________      ________      ________      ________      ________
 DEL_PEER       0.477
 SCHO_CON       0.000         0.488
 ASB_1          0.000         0.000         0.465
 SUB_1          0.000         0.000         0.000         0.486
 ASB_3          0.000         0.000         0.000         0.000         0.528
 SUB_3          0.000         0.000         0.000         0.000         0.000


           PSI
              SUB_3
              ________
 SUB_3          0.527


     STARTING VALUES FOR BETWEEN


           NU
              PGS_M         SEX_M         AGE_1_M       INCOME_M      PAR_ED_M
              ________      ________      ________      ________      ________
                0.000         0.000         0.000         0.000         0.000


           NU
              AFR           EAS           HIS           PR_PAREN      PR_CHILD
              ________      ________      ________      ________      ________
                0.000         0.000         0.000         0.000         0.000


           NU
              DEL_PEER      SCHO_CON      ASB_1         SUB_1         ASB_3
              ________      ________      ________      ________      ________
                0.000         0.000         0.000         0.000         0.000


           NU
              SUB_3
              ________
                0.000


           LAMBDA
              PGS_M         SEX_M         AGE_1_M       INCOME_M      PAR_ED_M
              ________      ________      ________      ________      ________
 PGS_M          1.000         0.000         0.000         0.000         0.000
 SEX_M          0.000         1.000         0.000         0.000         0.000
 AGE_1_M        0.000         0.000         1.000         0.000         0.000
 INCOME_M       0.000         0.000         0.000         1.000         0.000
 PAR_ED_M       0.000         0.000         0.000         0.000         1.000
 AFR            0.000         0.000         0.000         0.000         0.000
 EAS            0.000         0.000         0.000         0.000         0.000
 HIS            0.000         0.000         0.000         0.000         0.000
 PR_PAREN       0.000         0.000         0.000         0.000         0.000
 PR_CHILD       0.000         0.000         0.000         0.000         0.000
 DEL_PEER       0.000         0.000         0.000         0.000         0.000
 SCHO_CON       0.000         0.000         0.000         0.000         0.000
 ASB_1          0.000         0.000         0.000         0.000         0.000
 SUB_1          0.000         0.000         0.000         0.000         0.000
 ASB_3          0.000         0.000         0.000         0.000         0.000
 SUB_3          0.000         0.000         0.000         0.000         0.000


           LAMBDA
              AFR           EAS           HIS           PR_PAREN      PR_CHILD
              ________      ________      ________      ________      ________
 PGS_M          0.000         0.000         0.000         0.000         0.000
 SEX_M          0.000         0.000         0.000         0.000         0.000
 AGE_1_M        0.000         0.000         0.000         0.000         0.000
 INCOME_M       0.000         0.000         0.000         0.000         0.000
 PAR_ED_M       0.000         0.000         0.000         0.000         0.000
 AFR            1.000         0.000         0.000         0.000         0.000
 EAS            0.000         1.000         0.000         0.000         0.000
 HIS            0.000         0.000         1.000         0.000         0.000
 PR_PAREN       0.000         0.000         0.000         1.000         0.000
 PR_CHILD       0.000         0.000         0.000         0.000         1.000
 DEL_PEER       0.000         0.000         0.000         0.000         0.000
 SCHO_CON       0.000         0.000         0.000         0.000         0.000
 ASB_1          0.000         0.000         0.000         0.000         0.000
 SUB_1          0.000         0.000         0.000         0.000         0.000
 ASB_3          0.000         0.000         0.000         0.000         0.000
 SUB_3          0.000         0.000         0.000         0.000         0.000


           LAMBDA
              DEL_PEER      SCHO_CON      ASB_1         SUB_1         ASB_3
              ________      ________      ________      ________      ________
 PGS_M          0.000         0.000         0.000         0.000         0.000
 SEX_M          0.000         0.000         0.000         0.000         0.000
 AGE_1_M        0.000         0.000         0.000         0.000         0.000
 INCOME_M       0.000         0.000         0.000         0.000         0.000
 PAR_ED_M       0.000         0.000         0.000         0.000         0.000
 AFR            0.000         0.000         0.000         0.000         0.000
 EAS            0.000         0.000         0.000         0.000         0.000
 HIS            0.000         0.000         0.000         0.000         0.000
 PR_PAREN       0.000         0.000         0.000         0.000         0.000
 PR_CHILD       0.000         0.000         0.000         0.000         0.000
 DEL_PEER       1.000         0.000         0.000         0.000         0.000
 SCHO_CON       0.000         1.000         0.000         0.000         0.000
 ASB_1          0.000         0.000         1.000         0.000         0.000
 SUB_1          0.000         0.000         0.000         1.000         0.000
 ASB_3          0.000         0.000         0.000         0.000         1.000
 SUB_3          0.000         0.000         0.000         0.000         0.000


           LAMBDA
              SUB_3
              ________
 PGS_M          0.000
 SEX_M          0.000
 AGE_1_M        0.000
 INCOME_M       0.000
 PAR_ED_M       0.000
 AFR            0.000
 EAS            0.000
 HIS            0.000
 PR_PAREN       0.000
 PR_CHILD       0.000
 DEL_PEER       0.000
 SCHO_CON       0.000
 ASB_1          0.000
 SUB_1          0.000
 ASB_3          0.000
 SUB_3          1.000


           THETA
              PGS_M         SEX_M         AGE_1_M       INCOME_M      PAR_ED_M
              ________      ________      ________      ________      ________
 PGS_M          0.000
 SEX_M          0.000         0.000
 AGE_1_M        0.000         0.000         0.000
 INCOME_M       0.000         0.000         0.000         0.000
 PAR_ED_M       0.000         0.000         0.000         0.000         0.000
 AFR            0.000         0.000         0.000         0.000         0.000
 EAS            0.000         0.000         0.000         0.000         0.000
 HIS            0.000         0.000         0.000         0.000         0.000
 PR_PAREN       0.000         0.000         0.000         0.000         0.000
 PR_CHILD       0.000         0.000         0.000         0.000         0.000
 DEL_PEER       0.000         0.000         0.000         0.000         0.000
 SCHO_CON       0.000         0.000         0.000         0.000         0.000
 ASB_1          0.000         0.000         0.000         0.000         0.000
 SUB_1          0.000         0.000         0.000         0.000         0.000
 ASB_3          0.000         0.000         0.000         0.000         0.000
 SUB_3          0.000         0.000         0.000         0.000         0.000


           THETA
              AFR           EAS           HIS           PR_PAREN      PR_CHILD
              ________      ________      ________      ________      ________
 AFR            0.000
 EAS            0.000         0.000
 HIS            0.000         0.000         0.000
 PR_PAREN       0.000         0.000         0.000         0.000
 PR_CHILD       0.000         0.000         0.000         0.000         0.000
 DEL_PEER       0.000         0.000         0.000         0.000         0.000
 SCHO_CON       0.000         0.000         0.000         0.000         0.000
 ASB_1          0.000         0.000         0.000         0.000         0.000
 SUB_1          0.000         0.000         0.000         0.000         0.000
 ASB_3          0.000         0.000         0.000         0.000         0.000
 SUB_3          0.000         0.000         0.000         0.000         0.000


           THETA
              DEL_PEER      SCHO_CON      ASB_1         SUB_1         ASB_3
              ________      ________      ________      ________      ________
 DEL_PEER       0.000
 SCHO_CON       0.000         0.000
 ASB_1          0.000         0.000         0.000
 SUB_1          0.000         0.000         0.000         0.000
 ASB_3          0.000         0.000         0.000         0.000         0.000
 SUB_3          0.000         0.000         0.000         0.000         0.000


           THETA
              SUB_3
              ________
 SUB_3          0.000


           ALPHA
              PGS_M         SEX_M         AGE_1_M       INCOME_M      PAR_ED_M
              ________      ________      ________      ________      ________
               -0.059         1.503        16.092         3.548         3.867


           ALPHA
              AFR           EAS           HIS           PR_PAREN      PR_CHILD
              ________      ________      ________      ________      ________
                0.175         0.047         0.103        -0.032         0.049


           ALPHA
              DEL_PEER      SCHO_CON      ASB_1         SUB_1         ASB_3
              ________      ________      ________      ________      ________
               -0.029         0.047        -0.063        -0.052        -0.030


           ALPHA
              SUB_3
              ________
               -0.002


           BETA
              PGS_M         SEX_M         AGE_1_M       INCOME_M      PAR_ED_M
              ________      ________      ________      ________      ________
 PGS_M          0.000         0.000         0.000         0.000         0.000
 SEX_M          0.000         0.000         0.000         0.000         0.000
 AGE_1_M        0.000         0.000         0.000         0.000         0.000
 INCOME_M       0.000         0.000         0.000         0.000         0.000
 PAR_ED_M       0.000         0.000         0.000         0.000         0.000
 AFR            0.000         0.000         0.000         0.000         0.000
 EAS            0.000         0.000         0.000         0.000         0.000
 HIS            0.000         0.000         0.000         0.000         0.000
 PR_PAREN       0.000         0.000         0.000         0.000         0.000
 PR_CHILD       0.000         0.000         0.000         0.000         0.000
 DEL_PEER       0.000         0.000         0.000         0.000         0.000
 SCHO_CON       0.000         0.000         0.000         0.000         0.000
 ASB_1          0.000         0.000         0.000         0.000         0.000
 SUB_1          0.000         0.000         0.000         0.000         0.000
 ASB_3          0.000         0.000         0.000         0.000         0.000
 SUB_3          0.000         0.000         0.000         0.000         0.000


           BETA
              AFR           EAS           HIS           PR_PAREN      PR_CHILD
              ________      ________      ________      ________      ________
 PGS_M          0.000         0.000         0.000         0.000         0.000
 SEX_M          0.000         0.000         0.000         0.000         0.000
 AGE_1_M        0.000         0.000         0.000         0.000         0.000
 INCOME_M       0.000         0.000         0.000         0.000         0.000
 PAR_ED_M       0.000         0.000         0.000         0.000         0.000
 AFR            0.000         0.000         0.000         0.000         0.000
 EAS            0.000         0.000         0.000         0.000         0.000
 HIS            0.000         0.000         0.000         0.000         0.000
 PR_PAREN       0.000         0.000         0.000         0.000         0.000
 PR_CHILD       0.000         0.000         0.000         0.000         0.000
 DEL_PEER       0.000         0.000         0.000         0.000         0.000
 SCHO_CON       0.000         0.000         0.000         0.000         0.000
 ASB_1          0.000         0.000         0.000         0.000         0.000
 SUB_1          0.000         0.000         0.000         0.000         0.000
 ASB_3          0.000         0.000         0.000         0.000         0.000
 SUB_3          0.000         0.000         0.000         0.000         0.000


           BETA
              DEL_PEER      SCHO_CON      ASB_1         SUB_1         ASB_3
              ________      ________      ________      ________      ________
 PGS_M          0.000         0.000         0.000         0.000         0.000
 SEX_M          0.000         0.000         0.000         0.000         0.000
 AGE_1_M        0.000         0.000         0.000         0.000         0.000
 INCOME_M       0.000         0.000         0.000         0.000         0.000
 PAR_ED_M       0.000         0.000         0.000         0.000         0.000
 AFR            0.000         0.000         0.000         0.000         0.000
 EAS            0.000         0.000         0.000         0.000         0.000
 HIS            0.000         0.000         0.000         0.000         0.000
 PR_PAREN       0.000         0.000         0.000         0.000         0.000
 PR_CHILD       0.000         0.000         0.000         0.000         0.000
 DEL_PEER       0.000         0.000         0.000         0.000         0.000
 SCHO_CON       0.000         0.000         0.000         0.000         0.000
 ASB_1          0.000         0.000         0.000         0.000         0.000
 SUB_1          0.000         0.000         0.000         0.000         0.000
 ASB_3          0.000         0.000         0.000         0.000         0.000
 SUB_3          0.000         0.000         0.000         0.000         0.000


           BETA
              SUB_3
              ________
 PGS_M          0.000
 SEX_M          0.000
 AGE_1_M        0.000
 INCOME_M       0.000
 PAR_ED_M       0.000
 AFR            0.000
 EAS            0.000
 HIS            0.000
 PR_PAREN       0.000
 PR_CHILD       0.000
 DEL_PEER       0.000
 SCHO_CON       0.000
 ASB_1          0.000
 SUB_1          0.000
 ASB_3          0.000
 SUB_3          0.000


           PSI
              PGS_M         SEX_M         AGE_1_M       INCOME_M      PAR_ED_M
              ________      ________      ________      ________      ________
 PGS_M          0.363
 SEX_M          0.000         0.070
 AGE_1_M        0.000         0.000         0.860
 INCOME_M       0.000         0.000         0.000         0.340
 PAR_ED_M       0.000         0.000         0.000         0.000         0.741
 AFR            0.000         0.000         0.000         0.000         0.000
 EAS            0.000         0.000         0.000         0.000         0.000
 HIS            0.000         0.000         0.000         0.000         0.000
 PR_PAREN       0.000         0.000         0.000         0.000         0.000
 PR_CHILD       0.000         0.000         0.000         0.000         0.000
 DEL_PEER       0.000         0.000         0.000         0.000         0.000
 SCHO_CON       0.000         0.000         0.000         0.000         0.000
 ASB_1          0.000         0.000         0.000         0.000         0.000
 SUB_1          0.000         0.000         0.000         0.000         0.000
 ASB_3          0.000         0.000         0.000         0.000         0.000
 SUB_3          0.000         0.000         0.000         0.000         0.000


           PSI
              AFR           EAS           HIS           PR_PAREN      PR_CHILD
              ________      ________      ________      ________      ________
 AFR            0.072
 EAS            0.000         0.023
 HIS            0.000         0.000         0.046
 PR_PAREN       0.000         0.000         0.000         0.519
 PR_CHILD       0.000         0.000         0.000         0.000         0.466
 DEL_PEER       0.000         0.000         0.000         0.000         0.000
 SCHO_CON       0.000         0.000         0.000         0.000         0.000
 ASB_1          0.000         0.000         0.000         0.000         0.000
 SUB_1          0.000         0.000         0.000         0.000         0.000
 ASB_3          0.000         0.000         0.000         0.000         0.000
 SUB_3          0.000         0.000         0.000         0.000         0.000


           PSI
              DEL_PEER      SCHO_CON      ASB_1         SUB_1         ASB_3
              ________      ________      ________      ________      ________
 DEL_PEER       0.477
 SCHO_CON       0.000         0.488
 ASB_1          0.000         0.000         0.465
 SUB_1          0.000         0.000         0.000         0.486
 ASB_3          0.000         0.000         0.000         0.000         0.528
 SUB_3          0.000         0.000         0.000         0.000         0.000


           PSI
              SUB_3
              ________
 SUB_3          0.527


     STARTING VALUES FOR THE ADDITIONAL PARAMETERS


           NEW/ADDITIONAL PARAMETERS
              D_PARENT      D_CHILD       D_PEER        D_SCHO
              ________      ________      ________      ________
                0.500         0.500         0.500         0.500



     PRIORS FOR ALL PARAMETERS            PRIOR MEAN      PRIOR VARIANCE     PRIOR STD. DEV.

     Parameter 1~N(0.000,infinity)           0.0000            infinity            infinity
     Parameter 2~N(0.000,infinity)           0.0000            infinity            infinity
     Parameter 3~N(0.000,infinity)           0.0000            infinity            infinity
     Parameter 4~N(0.000,infinity)           0.0000            infinity            infinity
     Parameter 5~N(0.000,infinity)           0.0000            infinity            infinity
     Parameter 6~N(0.000,infinity)           0.0000            infinity            infinity
     Parameter 7~N(0.000,infinity)           0.0000            infinity            infinity
     Parameter 8~N(0.000,infinity)           0.0000            infinity            infinity
     Parameter 9~N(0.000,infinity)           0.0000            infinity            infinity
     Parameter 10~N(0.000,infinity)          0.0000            infinity            infinity
     Parameter 11~N(0.000,infinity)          0.0000            infinity            infinity
     Parameter 12~N(0.000,infinity)          0.0000            infinity            infinity
     Parameter 13~N(0.000,infinity)          0.0000            infinity            infinity
     Parameter 14~N(0.000,infinity)          0.0000            infinity            infinity
     Parameter 15~N(0.000,infinity)          0.0000            infinity            infinity
     Parameter 16~N(0.000,infinity)          0.0000            infinity            infinity
     Parameter 17~N(0.000,infinity)          0.0000            infinity            infinity
     Parameter 18~N(0.000,infinity)          0.0000            infinity            infinity
     Parameter 19~N(0.000,infinity)          0.0000            infinity            infinity
     Parameter 20~N(0.000,infinity)          0.0000            infinity            infinity
     Parameter 21~N(0.000,infinity)          0.0000            infinity            infinity
     Parameter 22~N(0.000,infinity)          0.0000            infinity            infinity
     Parameter 23~N(0.000,infinity)          0.0000            infinity            infinity
     Parameter 24~N(0.000,infinity)          0.0000            infinity            infinity
     Parameter 25~N(0.000,infinity)          0.0000            infinity            infinity
     Parameter 26~N(0.000,infinity)          0.0000            infinity            infinity
     Parameter 27~IW(0.000,-4)             infinity            infinity            infinity
     Parameter 28~IW(0.000,-4)             infinity            infinity            infinity
     Parameter 29~IW(0.000,-4)             infinity            infinity            infinity
     Parameter 30~IW(0.000,-4)             infinity            infinity            infinity
     Parameter 31~IW(0.000,-4)             infinity            infinity            infinity
     Parameter 32~IW(0.000,-4)             infinity            infinity            infinity
     Parameter 33~IW(0.000,-9)             infinity            infinity            infinity
     Parameter 34~IW(0.000,-9)             infinity            infinity            infinity
     Parameter 35~IW(0.000,-9)             infinity            infinity            infinity
     Parameter 36~IW(0.000,-9)             infinity            infinity            infinity
     Parameter 37~IW(0.000,-9)             infinity            infinity            infinity
     Parameter 38~IW(0.000,-9)             infinity            infinity            infinity
     Parameter 39~IW(0.000,-9)             infinity            infinity            infinity
     Parameter 40~IW(0.000,-9)             infinity            infinity            infinity
     Parameter 41~IW(0.000,-9)             infinity            infinity            infinity
     Parameter 42~IW(0.000,-9)             infinity            infinity            infinity
     Parameter 43~IW(0.000,-9)             infinity            infinity            infinity
     Parameter 44~IW(0.000,-9)             infinity            infinity            infinity
     Parameter 45~IW(0.000,-9)             infinity            infinity            infinity
     Parameter 46~IW(0.000,-9)             infinity            infinity            infinity
     Parameter 47~IW(0.000,-9)             infinity            infinity            infinity
     Parameter 48~IW(0.000,-9)             infinity            infinity            infinity
     Parameter 49~IW(0.000,-9)             infinity            infinity            infinity
     Parameter 50~IW(0.000,-9)             infinity            infinity            infinity
     Parameter 51~IW(0.000,-9)             infinity            infinity            infinity
     Parameter 52~IW(0.000,-9)             infinity            infinity            infinity
     Parameter 53~IW(0.000,-9)             infinity            infinity            infinity
     Parameter 54~IW(0.000,-9)             infinity            infinity            infinity
     Parameter 55~IW(0.000,-9)             infinity            infinity            infinity
     Parameter 56~IW(0.000,-9)             infinity            infinity            infinity
     Parameter 57~IW(0.000,-9)             infinity            infinity            infinity
     Parameter 58~IW(0.000,-9)             infinity            infinity            infinity
     Parameter 59~IW(0.000,-9)             infinity            infinity            infinity
     Parameter 60~IW(0.000,-9)             infinity            infinity            infinity
     Parameter 61~IW(0.000,-9)             infinity            infinity            infinity
     Parameter 62~IW(0.000,-9)             infinity            infinity            infinity
     Parameter 63~IW(0.000,-9)             infinity            infinity            infinity
     Parameter 64~IW(0.000,-9)             infinity            infinity            infinity
     Parameter 65~IW(0.000,-9)             infinity            infinity            infinity
     Parameter 66~IW(0.000,-9)             infinity            infinity            infinity
     Parameter 67~IW(0.000,-9)             infinity            infinity            infinity
     Parameter 68~IW(0.000,-9)             infinity            infinity            infinity
     Parameter 69~N(0.000,infinity)          0.0000            infinity            infinity
     Parameter 70~N(0.000,infinity)          0.0000            infinity            infinity
     Parameter 71~N(0.000,infinity)          0.0000            infinity            infinity
     Parameter 72~N(0.000,infinity)          0.0000            infinity            infinity
     Parameter 73~N(0.000,infinity)          0.0000            infinity            infinity
     Parameter 74~N(0.000,infinity)          0.0000            infinity            infinity
     Parameter 75~N(0.000,infinity)          0.0000            infinity            infinity
     Parameter 76~N(0.000,infinity)          0.0000            infinity            infinity
     Parameter 77~N(0.000,infinity)          0.0000            infinity            infinity
     Parameter 78~N(0.000,infinity)          0.0000            infinity            infinity
     Parameter 79~N(0.000,infinity)          0.0000            infinity            infinity
     Parameter 80~N(0.000,infinity)          0.0000            infinity            infinity
     Parameter 81~N(0.000,infinity)          0.0000            infinity            infinity
     Parameter 82~N(0.000,infinity)          0.0000            infinity            infinity
     Parameter 83~N(0.000,infinity)          0.0000            infinity            infinity
     Parameter 84~N(0.000,infinity)          0.0000            infinity            infinity
     Parameter 85~N(0.000,infinity)          0.0000            infinity            infinity
     Parameter 86~N(0.000,infinity)          0.0000            infinity            infinity
     Parameter 87~N(0.000,infinity)          0.0000            infinity            infinity
     Parameter 88~N(0.000,infinity)          0.0000            infinity            infinity
     Parameter 89~N(0.000,infinity)          0.0000            infinity            infinity
     Parameter 90~N(0.000,infinity)          0.0000            infinity            infinity
     Parameter 91~N(0.000,infinity)          0.0000            infinity            infinity
     Parameter 92~N(0.000,infinity)          0.0000            infinity            infinity
     Parameter 93~N(0.000,infinity)          0.0000            infinity            infinity
     Parameter 94~N(0.000,infinity)          0.0000            infinity            infinity
     Parameter 95~N(0.000,infinity)          0.0000            infinity            infinity
     Parameter 96~N(0.000,infinity)          0.0000            infinity            infinity
     Parameter 97~N(0.000,infinity)          0.0000            infinity            infinity
     Parameter 98~N(0.000,infinity)          0.0000            infinity            infinity
     Parameter 99~N(0.000,infinity)          0.0000            infinity            infinity
     Parameter 100~N(0.000,infinity)         0.0000            infinity            infinity
     Parameter 101~N(0.000,infinity)         0.0000            infinity            infinity
     Parameter 102~N(0.000,infinity)         0.0000            infinity            infinity
     Parameter 103~N(0.000,infinity)         0.0000            infinity            infinity
     Parameter 104~N(0.000,infinity)         0.0000            infinity            infinity
     Parameter 105~N(0.000,infinity)         0.0000            infinity            infinity
     Parameter 106~N(0.000,infinity)         0.0000            infinity            infinity
     Parameter 107~N(0.000,infinity)         0.0000            infinity            infinity
     Parameter 108~N(0.000,infinity)         0.0000            infinity            infinity
     Parameter 109~N(0.000,infinity)         0.0000            infinity            infinity
     Parameter 110~N(0.000,infinity)         0.0000            infinity            infinity
     Parameter 111~N(0.000,infinity)         0.0000            infinity            infinity
     Parameter 112~N(0.000,infinity)         0.0000            infinity            infinity
     Parameter 113~N(0.000,infinity)         0.0000            infinity            infinity
     Parameter 114~N(0.000,infinity)         0.0000            infinity            infinity
     Parameter 115~N(0.000,infinity)         0.0000            infinity            infinity
     Parameter 116~N(0.000,infinity)         0.0000            infinity            infinity
     Parameter 117~N(0.000,infinity)         0.0000            infinity            infinity
     Parameter 118~N(0.000,infinity)         0.0000            infinity            infinity
     Parameter 119~N(0.000,infinity)         0.0000            infinity            infinity
     Parameter 120~N(0.000,infinity)         0.0000            infinity            infinity
     Parameter 121~N(0.000,infinity)         0.0000            infinity            infinity
     Parameter 122~N(0.000,infinity)         0.0000            infinity            infinity
     Parameter 123~N(0.000,infinity)         0.0000            infinity            infinity
     Parameter 124~N(0.000,infinity)         0.0000            infinity            infinity
     Parameter 125~N(0.000,infinity)         0.0000            infinity            infinity
     Parameter 126~N(0.000,infinity)         0.0000            infinity            infinity
     Parameter 127~N(0.000,infinity)         0.0000            infinity            infinity
     Parameter 128~N(0.000,infinity)         0.0000            infinity            infinity
     Parameter 129~N(0.000,infinity)         0.0000            infinity            infinity
     Parameter 130~N(0.000,infinity)         0.0000            infinity            infinity
     Parameter 131~N(0.000,infinity)         0.0000            infinity            infinity
     Parameter 132~N(0.000,infinity)         0.0000            infinity            infinity
     Parameter 133~N(0.000,infinity)         0.0000            infinity            infinity
     Parameter 134~N(0.000,infinity)         0.0000            infinity            infinity
     Parameter 135~N(0.000,infinity)         0.0000            infinity            infinity
     Parameter 136~N(0.000,infinity)         0.0000            infinity            infinity
     Parameter 137~N(0.000,infinity)         0.0000            infinity            infinity
     Parameter 138~N(0.000,infinity)         0.0000            infinity            infinity
     Parameter 139~N(0.000,infinity)         0.0000            infinity            infinity
     Parameter 140~N(0.000,infinity)         0.0000            infinity            infinity
     Parameter 141~N(0.000,infinity)         0.0000            infinity            infinity
     Parameter 142~N(0.000,infinity)         0.0000            infinity            infinity
     Parameter 143~N(0.000,infinity)         0.0000            infinity            infinity
     Parameter 144~N(0.000,infinity)         0.0000            infinity            infinity
     Parameter 145~N(0.000,infinity)         0.0000            infinity            infinity
     Parameter 146~N(0.000,infinity)         0.0000            infinity            infinity
     Parameter 147~N(0.000,infinity)         0.0000            infinity            infinity
     Parameter 148~N(0.000,infinity)         0.0000            infinity            infinity
     Parameter 149~IW(0.000,-9)            infinity            infinity            infinity
     Parameter 150~IW(0.000,-9)            infinity            infinity            infinity
     Parameter 151~IW(0.000,-9)            infinity            infinity            infinity
     Parameter 152~IW(0.000,-9)            infinity            infinity            infinity
     Parameter 153~IW(0.000,-9)            infinity            infinity            infinity
     Parameter 154~IW(0.000,-9)            infinity            infinity            infinity
     Parameter 155~IW(0.000,-9)            infinity            infinity            infinity
     Parameter 156~IW(0.000,-9)            infinity            infinity            infinity
     Parameter 157~IW(0.000,-9)            infinity            infinity            infinity
     Parameter 158~IW(0.000,-9)            infinity            infinity            infinity
     Parameter 159~IW(0.000,-9)            infinity            infinity            infinity
     Parameter 160~IW(0.000,-9)            infinity            infinity            infinity
     Parameter 161~IW(0.000,-9)            infinity            infinity            infinity
     Parameter 162~IW(0.000,-9)            infinity            infinity            infinity
     Parameter 163~IW(0.000,-9)            infinity            infinity            infinity
     Parameter 164~IW(0.000,-9)            infinity            infinity            infinity
     Parameter 165~IW(0.000,-9)            infinity            infinity            infinity
     Parameter 166~IW(0.000,-9)            infinity            infinity            infinity
     Parameter 167~IW(0.000,-9)            infinity            infinity            infinity
     Parameter 168~IW(0.000,-9)            infinity            infinity            infinity
     Parameter 169~IW(0.000,-9)            infinity            infinity            infinity
     Parameter 170~IW(0.000,-9)            infinity            infinity            infinity
     Parameter 171~IW(0.000,-9)            infinity            infinity            infinity
     Parameter 172~IW(0.000,-9)            infinity            infinity            infinity
     Parameter 173~IW(0.000,-9)            infinity            infinity            infinity
     Parameter 174~IW(0.000,-9)            infinity            infinity            infinity
     Parameter 175~IW(0.000,-9)            infinity            infinity            infinity
     Parameter 176~IW(0.000,-9)            infinity            infinity            infinity
     Parameter 177~IW(0.000,-9)            infinity            infinity            infinity
     Parameter 178~IW(0.000,-9)            infinity            infinity            infinity
     Parameter 179~IW(0.000,-9)            infinity            infinity            infinity
     Parameter 180~IW(0.000,-9)            infinity            infinity            infinity
     Parameter 181~IW(0.000,-9)            infinity            infinity            infinity
     Parameter 182~IW(0.000,-9)            infinity            infinity            infinity
     Parameter 183~IW(0.000,-9)            infinity            infinity            infinity
     Parameter 184~IW(0.000,-9)            infinity            infinity            infinity
     Parameter 185~IW(0.000,-9)            infinity            infinity            infinity
     Parameter 186~IW(0.000,-9)            infinity            infinity            infinity
     Parameter 187~IW(0.000,-9)            infinity            infinity            infinity
     Parameter 188~IW(0.000,-9)            infinity            infinity            infinity
     Parameter 189~IW(0.000,-9)            infinity            infinity            infinity
     Parameter 190~IW(0.000,-9)            infinity            infinity            infinity
     Parameter 191~IW(0.000,-9)            infinity            infinity            infinity
     Parameter 192~IW(0.000,-9)            infinity            infinity            infinity
     Parameter 193~IW(0.000,-9)            infinity            infinity            infinity
     Parameter 194~IW(0.000,-9)            infinity            infinity            infinity
     Parameter 195~IW(0.000,-9)            infinity            infinity            infinity
     Parameter 196~IW(0.000,-9)            infinity            infinity            infinity
     Parameter 197~IW(0.000,-9)            infinity            infinity            infinity
     Parameter 198~IW(0.000,-9)            infinity            infinity            infinity
     Parameter 199~IW(0.000,-9)            infinity            infinity            infinity
     Parameter 200~IW(0.000,-9)            infinity            infinity            infinity
     Parameter 201~IW(0.000,-9)            infinity            infinity            infinity
     Parameter 202~IW(0.000,-9)            infinity            infinity            infinity
     Parameter 203~IW(0.000,-9)            infinity            infinity            infinity
     Parameter 204~IW(0.000,-9)            infinity            infinity            infinity
     Parameter 205~IW(0.000,-9)            infinity            infinity            infinity
     Parameter 206~IW(0.000,-9)            infinity            infinity            infinity
     Parameter 207~IW(0.000,-9)            infinity            infinity            infinity
     Parameter 208~IW(0.000,-9)            infinity            infinity            infinity
     Parameter 209~IW(0.000,-9)            infinity            infinity            infinity
     Parameter 210~IW(0.000,-9)            infinity            infinity            infinity
     Parameter 211~IW(0.000,-9)            infinity            infinity            infinity
     Parameter 212~IW(0.000,-9)            infinity            infinity            infinity
     Parameter 213~IW(0.000,-9)            infinity            infinity            infinity
     Parameter 214~IW(0.000,-9)            infinity            infinity            infinity
     Parameter 215~IW(0.000,-9)            infinity            infinity            infinity
     Parameter 216~IW(0.000,-9)            infinity            infinity            infinity
     Parameter 217~IW(0.000,-9)            infinity            infinity            infinity
     Parameter 218~IW(0.000,-9)            infinity            infinity            infinity
     Parameter 219~IW(0.000,-9)            infinity            infinity            infinity
     Parameter 220~IW(0.000,-9)            infinity            infinity            infinity


TECHNICAL 8 OUTPUT


   TECHNICAL 8 OUTPUT FOR BAYES ESTIMATION

     CHAIN    BSEED
     1        0
     2        285380
     3        253358
     4        93468
     5        608496
     6        903420
     7        195873
     8        462953
     9        939021
     10       127215

                     POTENTIAL       PARAMETER WITH
     ITERATION    SCALE REDUCTION      HIGHEST PSR
     100              1.457               220
     200              1.246               211
     300              1.113               220
     400              1.127               220
     500              1.174               220
     600              1.094               207
     700              1.115               209
     800              1.145               199
     900              1.142               199
     1000             1.123               217
     1100             1.131               219
     1200             1.147               212
     1300             1.154               212
     1400             1.147               212
     1500             1.122               212
     1600             1.100               219
     1700             1.076               217
     1800             1.058               217
     1900             1.040               219
     2000             1.037               220
     2100             1.039               220
     2200             1.040               220
     2300             1.046               220
     2400             1.033               211
     2500             1.038               211
     2600             1.040               211
     2700             1.045               211
     2800             1.049               212
     2900             1.050               211
     3000             1.057               211
     3100             1.064               211
     3200             1.066               211
     3300             1.065               211
     3400             1.065               211
     3500             1.074               211
     3600             1.076               211
     3700             1.073               211
     3800             1.067               211
     3900             1.067               211
     4000             1.061               211
     4100             1.056               211
     4200             1.055               211
     4300             1.053               211
     4400             1.052               211
     4500             1.046               211
     4600             1.041               211
     4700             1.038               211
     4800             1.035               211
     4900             1.033               211
     5000             1.028               211
     5100             1.022               212
     5200             1.025               212
     5300             1.027               212
     5400             1.029               212
     5500             1.031               212
     5600             1.034               212
     5700             1.034               212
     5800             1.037               212
     5900             1.037               212
     6000             1.037               212
     6100             1.036               212
     6200             1.033               212
     6300             1.030               212
     6400             1.026               212
     6500             1.026               212
     6600             1.026               212
     6700             1.024               212
     6800             1.022               212
     6900             1.021               212
     7000             1.020               212
     7100             1.021               212
     7200             1.021               212
     7300             1.019               212
     7400             1.018               209
     7500             1.017               209
     7600             1.016               209
     7700             1.017               209
     7800             1.017               209
     7900             1.017               209
     8000             1.017               209
     8100             1.015               209
     8200             1.014               209
     8300             1.014               209
     8400             1.014               209
     8500             1.014               219
     8600             1.015               219
     8700             1.015               219
     8800             1.017               219
     8900             1.016               219
     9000             1.017               219
     9100             1.018               219
     9200             1.016               219
     9300             1.016               219
     9400             1.016               219
     9500             1.017               219
     9600             1.017               219
     9700             1.016               219
     9800             1.016               219
     9900             1.014               219
     10000            1.012               219
     10100            1.012               195
     10200            1.012               207
     10300            1.012               207
     10400            1.011               207
     10500            1.012               207
     10600            1.011               207
     10700            1.011               207
     10800            1.011               207
     10900            1.011               207
     11000            1.011               207
     11100            1.011               207
     11200            1.010               207
     11300            1.010               207
     11400            1.009               207
     11500            1.009               207
     11600            1.009               207
     11700            1.009               196
     11800            1.010               196
     11900            1.010               196
     12000            1.010               196
     12100            1.010               196
     12200            1.010               196
     12300            1.009               196
     12400            1.010               196
     12500            1.010               196
     12600            1.010               196
     12700            1.009               196
     12800            1.009               196
     12900            1.008               196
     13000            1.009               196
     13100            1.008               196
     13200            1.008               196
     13300            1.008               196
     13400            1.008               217
     13500            1.008               217
     13600            1.008               217
     13700            1.007               217
     13800            1.006               217
     13900            1.006               207
     14000            1.006               207
     14100            1.006               207
     14200            1.006               207
     14300            1.005               207
     14400            1.005               207
     14500            1.006               206
     14600            1.006               217
     14700            1.006               217
     14800            1.006               217
     14900            1.006               217
     15000            1.006               217
     15100            1.005               219
     15200            1.005               219
     15300            1.006               207
     15400            1.006               207
     15500            1.006               207
     15600            1.007               207
     15700            1.007               207
     15800            1.007               207
     15900            1.007               207
     16000            1.007               207
     16100            1.007               207
     16200            1.006               207
     16300            1.006               207
     16400            1.006               207
     16500            1.006               207
     16600            1.006               207
     16700            1.006               207
     16800            1.005               207
     16900            1.005               207
     17000            1.005               206
     17100            1.005               206
     17200            1.005               206
     17300            1.005               206
     17400            1.005               206
     17500            1.005               206
     17600            1.005               206
     17700            1.005               206
     17800            1.004               206
     17900            1.005               206
     18000            1.005               206
     18100            1.005               206
     18200            1.005               206
     18300            1.005               206
     18400            1.005               206
     18500            1.005               206
     18600            1.005               206
     18700            1.005               206
     18800            1.005               206
     18900            1.004               206
     19000            1.004               206
     19100            1.004               206
     19200            1.004               206
     19300            1.004               219
     19400            1.004               207
     19500            1.004               207
     19600            1.004               207
     19700            1.004               207
     19800            1.005               207
     19900            1.005               207
     20000            1.005               207
     20100            1.005               207
     20200            1.004               207
     20300            1.004               211
     20400            1.004               211
     20500            1.004               211
     20600            1.005               206
     20700            1.005               206
     20800            1.005               206
     20900            1.006               206
     21000            1.006               206
     21100            1.006               206
     21200            1.006               206
     21300            1.006               206
     21400            1.006               206
     21500            1.006               206
     21600            1.006               206
     21700            1.006               206
     21800            1.007               206
     21900            1.006               206
     22000            1.006               206
     22100            1.006               206
     22200            1.006               206
     22300            1.006               206
     22400            1.006               206
     22500            1.006               206
     22600            1.006               206
     22700            1.006               206
     22800            1.006               206
     22900            1.006               206
     23000            1.006               206
     23100            1.006               206
     23200            1.006               206
     23300            1.006               206
     23400            1.005               206
     23500            1.005               206
     23600            1.005               206
     23700            1.005               206
     23800            1.005               206
     23900            1.005               206
     24000            1.005               206
     24100            1.005               206
     24200            1.004               206
     24300            1.005               206
     24400            1.004               206
     24500            1.004               206
     24600            1.004               206
     24700            1.004               206
     24800            1.004               206
     24900            1.004               206
     25000            1.004               206
     25100            1.004               206
     25200            1.004               206
     25300            1.004               206
     25400            1.004               206
     25500            1.004               206
     25600            1.004               206
     25700            1.004               206
     25800            1.004               211
     25900            1.004               211
     26000            1.004               211
     26100            1.004               211
     26200            1.004               196
     26300            1.004               196
     26400            1.004               196
     26500            1.004               196
     26600            1.004               196
     26700            1.005               196
     26800            1.005               196
     26900            1.005               196
     27000            1.005               196
     27100            1.005               196
     27200            1.005               196
     27300            1.005               196
     27400            1.005               196
     27500            1.004               196
     27600            1.004               196
     27700            1.004               196
     27800            1.004               196
     27900            1.004               196
     28000            1.004               196
     28100            1.004               196
     28200            1.004               196
     28300            1.004               196
     28400            1.004               196
     28500            1.004               196
     28600            1.004               194
     28700            1.004               194
     28800            1.004               194
     28900            1.004               194
     29000            1.004               194
     29100            1.004               194
     29200            1.004               194
     29300            1.004               194
     29400            1.004               194
     29500            1.004               194
     29600            1.005               194
     29700            1.005               194
     29800            1.005               194
     29900            1.005               194
     30000            1.005               194


PLOT INFORMATION

The following plots are available:

  Bayesian posterior parameter distributions
  Bayesian posterior parameter trace plots
  Bayesian autocorrelation plots
  Bayesian posterior predictive checking scatterplots
  Bayesian posterior predictive checking distribution plots

DIAGRAM INFORMATION

  Mplus diagrams are currently not available for multilevel analysis.
  No diagram output was produced.


     Beginning Time:  18:40:51
        Ending Time:  18:46:14
       Elapsed Time:  00:05:23



MUTHEN & MUTHEN
3463 Stoner Ave.
Los Angeles, CA  90066

Tel: (310) 391-9971
Fax: (310) 391-8971
Web: www.StatModel.com
Support: Support@StatModel.com

Copyright (c) 1998-2021 Muthen & Muthen
