Mplus VERSION 8.6
MUTHEN & MUTHEN
07/14/2026   9:12 AM

INPUT INSTRUCTIONS

  TITLE:
          Causal rGE on differential parenting;

  DATA:
          FILE IS "c:\Repo\data_local\withinfamrGE_addh_missfix.csv";




  VARIABLE:
          Names are AID FAM GPAIRID GID GFAM
          pgs ANCESTRY SCID sex age_1 age_3
          white african native asian other hispanic
          income par_ed par_age
          par_sex par_marry
          bad_temper pr_parent pr_child del_peer scho_con
          asb_1 asb_3 sub_1 sub_3
          par_sub autonomy par_involv adhd;

          usevariables are FAM
           pgs sex age_1 !age_3
           pr_parent pr_child del_peer scho_con
           asb_1 sub_1
           asb_3 sub_3
           pgs_m sex_m age_1_m !age_3_m
           income_m par_ed_m;

          useobs are ANCESTRY EQ 1 OR
          ANCESTRY EQ 2;

          CLUSTER IS FAM;

          WITHIN ARE
           pgs sex age_1 !age_3
           ;

          BETWEEN ARE
          pgs_m sex_m age_1_m !age_3_m
          income_m par_ed_m
          ;


          Missing are .;


  DEFINE:
          del_peer = -del_peer;
          income = log(income + 1);
          pgs_m = CLUSTER_MEAN(pgs);
          sex_m = CLUSTER_MEAN(sex);
          age_1_m = CLUSTER_MEAN(age_1);
          !age_3_m = CLUSTER_MEAN(age_3);
          income_m = CLUSTER_MEAN(income);
          par_ed_m = CLUSTER_MEAN(par_ed);
          CENTER pgs sex age_1(GROUPMEAN);
          !CENTER age_3(GROUPMEAN);

  ANALYSIS:

          TYPE = TWOLEVEL RANDOM;
          ESTIMATOR = BAYES;
          !ESTIMATOR=WLSM;
          !BOOTSTRAP = 20000;
          PROC = 10;
          CHAINS = 10;
          FBITERATIONS= 30000;

  MODEL:

          %WITHIN%

          pr_parent pr_child del_peer scho_con asb_3 sub_3 asb_1 sub_1 ON sex age_1;
          pr_parent ON pgs (w1);
          pr_child ON pgs (w2);
          del_peer ON pgs (w3);
          scho_con ON pgs (w4);
          asb_1 ON pgs;
          sub_1 ON pgs;
          asb_3 ON pgs;
          sub_3 ON pgs;

          [pgs sex age_1 @0];
          pgs sex age_1 ;
          pgs sex age_1 WITH pgs sex age_1 ;

          %BETWEEN%
          pr_parent pr_child del_peer scho_con asb_1 sub_1 asb_3 sub_3;
          pgs_m sex_m age_1_m income_m par_ed_m;

          pr_parent ON pgs_m (b1);
          pr_child ON pgs_m (b2);
          del_peer ON pgs_m (b3);
          scho_con ON pgs_m (b4);

          pr_parent ON  sex_m age_1_m income_m par_ed_m ;
          pr_child ON  sex_m age_1_m income_m par_ed_m ;
          del_peer ON  sex_m age_1_m income_m par_ed_m ;
          scho_con ON  sex_m age_1_m income_m par_ed_m ;
          asb_1 sub_1 ON pgs_m sex_m age_1_m income_m par_ed_m ;
          asb_3 sub_3 ON pgs_m sex_m age_1_m income_m par_ed_m ;

          pgs_m sex_m WITH pgs_m sex_m age_1_m income_m par_ed_m ;
          age_1_m WITH pgs_m sex_m age_1_m income_m par_ed_m ;
          income_m WITH pgs_m sex_m age_1_m income_m par_ed_m ;
          par_ed_m WITH pgs_m sex_m age_1_m income_m par_ed_m ;

  MODEL CONSTRAINT:

  NEW (d_parent d_child d_peer d_scho);

  d_parent = b1-w1;
  d_child = b2-w2;
  d_peer = b3-w3;
  d_scho = b4-w4;


  OUTPUT: TECH1 TECH8 CINTERVAL;
  PLOT: TYPE = PLOT2;




*** WARNING in VARIABLE command
  Note that only the first 8 characters of variable names are used in the output.
  Shorten variable names to avoid any confusion.
*** WARNING in MODEL command
  TYPE=RANDOM is used to declare random effect variables in the model.
  No random effect variables were found.  TYPE=RANDOM will be ignored.
*** WARNING in PLOT command
  Note that only the first 8 characters of variable names are used in plots.
  If variable names are not unique within the first 8 characters, problems
  may occur.
*** WARNING
  One or more individual-level variables have no variation within a
  cluster for the following clusters.

     Variable   Cluster IDs with no within-cluster variation

      PR_PAREN    1122 1852 1155 2866 3192 2515 2863 1055 3251 2197 1318 3308 1336 1102 2383 2382
                  1648 1345 1085 3664 3679 1580 1150 2970 3256 1819 1837 1938 1027 2270 3480 1121
                  2398 3770 1881 2770 1672 2166 2254 1059 1108 1349 3667 2446 1656 2379 1880 1883
                  1957 1026 2555 3397 1870 2292 2864 3574 1531 3263 3341 3724 2477 2061 2397 2426
                  3755 1606 2697 2350 3070 3061 3057 3578 3219 1509 2118 1263 2559 1221 2199 3200
                  2512 3327 3590 2788 2690 2355 1635 1432 2045 2545 1805 3746 1997 1168 2257 1930
                  1510 3577 2809 2003 2636 2907 1024 1704 1812 2056 3255 3486 1508 2924 3774 1017
                  1794 2252 2303 3393 2261 1249 3062 1171 3189 3685 1770 2619 2208 1936 2216 1721
                  2013 3561 1072 2914 3682 1552 3583
      PR_CHILD    1155 2749 2046 3422 3064 3533 1518 3363 3763 2946 2152 2543 2079 1989 3560 2061
                  2628 3306 1922 1606 3070 3000 2415 1263 1036 3200 1288 1635 1432 2686 2262 1544
                  1309 2689 2729 1424 1936 3006 2708 1041
      DEL_PEER    1122 1255 1645 2046 1615 2304 1348 3093 1102 3064 3533 2382 3097 1345 2225 1984
                  3664 2581 3687 1661 2970 3688 2270 1853 1881 2680 3363 3137 3441 2152 1034 1974
                  1311 1713 2735 2446 1123 2431 3280 1883 1957 3397 3695 2389 3574 1979 2870 3074
                  2061 2628 3482 2697 1742 2069 3462 2415 1943 1456 1509 3132 1884 1384 2526 1267
                  1263 2936 3156 3224 2199 3327 3023 2833 3279 1635 3436 1831 1610 1899 1958 2262
                  2822 1858 2809 1024 1544 1047 1309 3232 2349 2590 2682 1400 1605 3043 2656 2261
                  1249 3062 3045 1841 1663 1007 1421
      SCHO_CON    3533 3679 1974 2379 1958 3071
      ASB_1       1498 1852 2749 2253 1255 1702 2433 2863 1280 1615 2197 2973 1336 3093 1102 1687
                  3064 3533 1608 2383 2382 1984 3664 2215 2581 1661 3679 3767 2970 1524 3653 2270
                  1853 3775 2398 2014 3374 2293 3137 2166 1033 2821 1974 2650 2592 1713 3478 1123
                  2565 3280 3016 1957 2555 2915 3307 2174 1870 1595 2079 3695 1457 2389 1989 2624
                  3678 1979 1531 3141 3780 2755 2794 3272 2870 2061 1157 2628 3306 1382 1437 2415
                  1297 3505 1384 2526 1267 2118 1061 2562 2795 1151 3224 1451 3365 3200 3327 2788
                  1300 2690 2833 2355 1288 1635 1831 1432 3746 1610 1997 2257 1899 2503 2237 1510
                  1232 1858 1903 1024 1704 1544 2117 3635 2349 3255 1752 1505 1365 3486 1508 1017
                  2488 2682 2725 1310 2351 1069 2851 1605 2122 3043 3632 2656 1044 2149 1764 1424
                  2261 1249 2828 3068 2699 1917 3685 2619 2208 2216 3006 1928 3562 1363 3206 3134
                  2155 1007 1356 1230 2162 3532 1421 3151 3720
      SUB_1       1122 1255 2863 2304 2197 1102 3533 1661 3767 2970 3379 1915 1853 2680 2014 3363
                  2166 2152 1352 1957 2555 3307 2174 2864 1531 2870 1742 2415 3132 2795 2936 2199
                  2355 3436 1544 1287 2349 1752 1605 1764 1917 1950 3685 2619 1936 1841 1072 3637
                  1007 1552
      ASB_3       1498 1852 2749 2253 1255 1702 2433 2863 1280 1615 2197 2973 1336 3093 1102 1687
                  3064 3533 1608 2383 2382 1984 3664 2215 2581 1661 3679 3767 2970 1524 3653 2270
                  1853 3775 2398 2014 3374 2293 3137 2166 1033 2821 1974 2650 2592 1713 3478 1123
                  2565 3280 3016 1957 2555 2915 3307 2174 1870 1595 2079 3695 1457 2389 1989 2624
                  3678 1979 1531 3141 3780 2755 2794 3272 2870 2061 1157 2628 3306 1382 1437 2415
                  1297 3505 1384 2526 1267 2118 1061 2562 2795 1151 3224 1451 3365 3200 3327 2788
                  1300 2690 2833 2355 1288 1635 1831 1432 3746 1610 1997 2257 1899 2503 2237 1510
                  1232 1858 1903 1024 1704 1544 2117 3635 2349 3255 1752 1505 1365 3486 1508 1017
                  2488 2682 2725 1310 2351 1069 2851 1605 2122 3043 3632 2656 1044 2149 1764 1424
                  2261 1249 2828 3068 2699 1917 3685 2619 2208 2216 3006 1928 3562 1363 3206 3134
                  2155 1007 1356 1230 2162 3532 1421 3151 3720
      SUB_3       1122 1255 2863 2304 2197 1102 3533 1661 3767 2970 3379 1915 1853 2680 2014 3363
                  2166 2152 1352 1957 2555 3307 2174 2864 1531 2870 1742 2415 3132 2795 2936 2199
                  2355 3436 1544 1287 2349 1752 1605 1764 1917 1950 3685 2619 1936 1841 1072 3637
                  1007 1552

   4 WARNING(S) FOUND IN THE INPUT INSTRUCTIONS




Causal rGE on differential parenting;

SUMMARY OF ANALYSIS

Number of groups                                                 1
Number of observations                                        1268

Number of dependent variables                                    8
Number of independent variables                                  8
Number of continuous latent variables                            0

Observed dependent variables

  Continuous
   PR_PARENT   PR_CHILD    DEL_PEER    SCHO_CON    ASB_1       SUB_1
   ASB_3       SUB_3

Observed independent variables
   PGS         SEX         AGE_1       PGS_M       SEX_M       AGE_1_M
   INCOME_M    PAR_ED_M

Variables with special functions

  Cluster variable      FAM

  Within variables
   PGS         SEX         AGE_1

  Between variables
   PGS_M       SEX_M       AGE_1_M     INCOME_M    PAR_ED_M

  Centering (GROUPMEAN)
   PGS         SEX         AGE_1


Estimator                                                    BAYES
Specifications for Bayesian Estimation
  Point estimate                                            MEDIAN
  Number of Markov chain Monte Carlo (MCMC) chains              10
  Random seed for the first chain                                0
  Starting value information                           UNPERTURBED
  Algorithm used for Markov chain Monte Carlo           GIBBS(PX1)
  Fixed number of iterations                                 30000
  K-th iteration used for thinning                               1

Input data file(s)
  c:\Repo\data_local\withinfamrGE_addh_missfix.csv
Input data format  FREE


SUMMARY OF DATA

     Number of clusters                        618

       Size (s)    Cluster ID with Size s

          2        3210 3473 1498 1122 1852 1155 2749 1250 2253 1255 3089
                   2193 2866 1481 3321 1702 2490 2982 2433 3192 3254 2156
                   1358 1645 2515 2863 1280 3152 1659 2046 1512 1453 1055
                   3251 2224 1615 1119 2400 2304 2197 3352 2938 2973 1318
                   1348 2710 1860 3422 2899 2182 3584 2881 3308 3196 2727
                   1503 1404 1336 3093 1102 1687 1665 3396 3064 3533 1608
                   2399 2916 2383 1577 2790 1296 2955 2382 1518 2659 3097
                   1648 1728 1345 2225 2532 1984 3100 2905 2845 1085 3664
                   2215 2581 2560 1814 3687 1683 1731 1661 3679 3545 1580
                   3292 1150 3767 2970 1524 1800 3379 3256 3609 1233 2231
                   2123 1146 3054 1915 2582 1539 1076 1386 2522 3653 2092
                   2404 1819 1837 1473 3688 1938 1027 2270 3480 2610 2598
                   1853 1570 1507 2816 2287 3176 2791 3589 3433 3775 2728
                   1121 2398 3770 1966 3329 3538 1881 2770 1337 2680 3782
                   3237 2014 2047 1341 1638 3374 3363 3763 1717 2469 3592
                   2293 3137 1672 2166 2254 1406 2137 3441 3713 2946 2152
                   1059 1368 1057 1633 1033 2991 1756 3059 1726 1108 1034
                   2821 1974 3044 1349 3204 1311 2333 3681 2265 2325 2143
                   3174 2650 2592 3667 1176 1713 1497 2735 3693 1084 1698
                   2446 1656 3478 1563 2677 1123 2431 1352 2379 2141 3205
                   2565 1449 3280 2829 1418 1209 1880 2543 2912 2977 3611
                   1515 1883 3016 3001 1957 1026 2206 2555 2915 3397 3307
                   1632 2869 1224 2174 3503 1870 2292 2864 1459 2528 1595
                   1199 2079 3695 1457 1272 1953 1944 2389 1989 2624 1126
                   3574 1362 2004 3678 2511 1871 2093 1549 1979 3598 1531
                   3560 2418 1677 3263 3141 3662 1624 3341 3780 2755 2794
                   3511 1489 3272 3724 2477 2870 3074 2061 1157 2628 3306
                   2362 1922 2397 2874 2426 3021 3482 2275 3755 1159 1382
                   1447 1437 1366 3268 1606 3217 2697 3162 3502 1440 3289
                   1020 1742 1467 2218 1411 2350 3070 3061 3769 2714 2436
                   2672 1270 1641 3057 1602 3146 1083 2069 3462 3000 3768
                   3628 1455 2415 3578 1943 2871 1456 3219 1297 1509 2939
                   3505 3133 1603 1183 3132 1884 2213 1607 1384 2526 1267
                   2118 1284 1061 1263 2562 2795 2559 2936 1036 1203 1151
                   3156 3332 3224 1221 2779 1451 2070 2199 3365 3200 2512
                   2826 3098 1778 3327 3590 2788 1300 2690 3023 3012 2865
                   2833 1910 2355 1288 2568 2893 3279 1947 1380 2668 1635
                   3436 2300 1831 3690 3474 1482 1432 3420 2045 2545 1257
                   2358 3183 1805 3746 1610 2686 1997 1168 2257 1899 1958
                   2503 2262 2237 3633 1930 2842 1510 1836 2822 1232 1858
                   3577 2240 1483 2809 1903 2003 2099 2636 2907 1024 1704
                   1544 1047 3069 3259 1812 1309 2312 3347 2886 2056 1287
                   2117 3635 3232 2349 3255 3651 1752 1505 3071 1170 1811
                   2590 1365 3486 1508 2641 2131 2924 1357 2689 3774 1017
                   2488 2682 1794 2725 3014 1400 1310 2351 1069 2375 2851
                   1605 2122 2252 2303 2729 3043 3632 2926 2656 2220 3393
                   1271 1044 2149 2861 1764 3092 1594 1478 2144 1424 2259
                   2261 1249 3062 1171 2334 3189 1649 2828 3068 2699 1917
                   1950 3305 1320 1849 3517 1375 1238 3685 1396 1770 3361
                   2619 1689 2208 1936 1911 2892 3045 1557 2216 2605 3242
                   1721 2671 2013 1841 3561 3006 1636 1928 3562 1663 1072
                   1363 2633 2914 2393 3206 3134 3682 1111 1876 2155 3637
                   1007 2768 1356 1230 2685 2708 2613 2162 2314 1758 3532
                   2473 1528 2317 2554 1552
          3        3583 1147 1281 1522 3105 3641 3467 1392 1750 2177 3579
                   1421 3151 3243 2837 3619 3720 3230 1949 2834 1446 2074
                   1394 2884 1041 2037 3049 3395
          4        2302 1134



COVARIANCE COVERAGE OF DATA

Minimum covariance coverage value   0.100

     Number of missing data patterns            14


     PROPORTION OF DATA PRESENT


           Covariance Coverage
              PGS_M         SEX_M         AGE_1_M       INCOME_M      PAR_ED_M
              ________      ________      ________      ________      ________
 PGS_M          1.000
 SEX_M          1.000         1.000
 AGE_1_M        1.000         1.000         1.000
 INCOME_M       0.843         0.843         0.843         0.843
 PAR_ED_M       0.991         0.991         0.991         0.836         0.991
 PGS            1.000         1.000         1.000         0.843         0.991
 SEX            1.000         1.000         1.000         0.843         0.991
 AGE_1          1.000         1.000         1.000         0.843         0.991
 PR_PAREN       0.908         0.908         0.908         0.826         0.901
 PR_CHILD       0.986         0.986         0.986         0.832         0.982
 DEL_PEER       0.998         0.998         0.998         0.841         0.990
 SCHO_CON       0.998         0.998         0.998         0.841         0.991
 ASB_1          0.998         0.998         0.998         0.841         0.990
 SUB_1          1.000         1.000         1.000         0.843         0.991
 ASB_3          0.998         0.998         0.998         0.841         0.990
 SUB_3          1.000         1.000         1.000         0.843         0.991


           Covariance Coverage
              PGS           SEX           AGE_1         PR_PAREN      PR_CHILD
              ________      ________      ________      ________      ________
 PGS            1.000
 SEX            1.000         1.000
 AGE_1          1.000         1.000         1.000
 PR_PAREN       0.908         0.908         0.908         0.908
 PR_CHILD       0.986         0.986         0.986         0.898         0.986
 DEL_PEER       0.998         0.998         0.998         0.905         0.984
 SCHO_CON       0.998         0.998         0.998         0.906         0.985
 ASB_1          0.998         0.998         0.998         0.906         0.984
 SUB_1          1.000         1.000         1.000         0.908         0.986
 ASB_3          0.998         0.998         0.998         0.906         0.984
 SUB_3          1.000         1.000         1.000         0.908         0.986


           Covariance Coverage
              DEL_PEER      SCHO_CON      ASB_1         SUB_1         ASB_3
              ________      ________      ________      ________      ________
 DEL_PEER       0.998
 SCHO_CON       0.997         0.998
 ASB_1          0.998         0.997         0.998
 SUB_1          0.998         0.998         0.998         1.000
 ASB_3          0.998         0.997         0.998         0.998         0.998
 SUB_3          0.998         0.998         0.998         1.000         0.998


           Covariance Coverage
              SUB_3
              ________
 SUB_3          1.000



UNIVARIATE SAMPLE STATISTICS


     UNIVARIATE HIGHER-ORDER MOMENT DESCRIPTIVE STATISTICS

         Variable/         Mean/     Skewness/   Minimum/ % with                Percentiles
        Sample Size      Variance    Kurtosis    Maximum  Min/Max      20%/60%    40%/80%    Median

     PGS_M                -0.060       0.040      -2.541    0.16%      -0.789     -0.276     -0.052
             618.000       0.742      -0.071       2.509    0.16%       0.134      0.654
     SEX_M                 1.533      -0.120       1.000   27.99%       1.000      1.500      1.500
             618.000       0.156      -1.400       2.000   34.47%       1.500      2.000
     AGE_1_M              16.038      -0.024      12.750    0.16%      14.917     15.625     16.083
             618.000       1.804      -0.517      19.500    0.32%      16.417     17.250
     INCOME_M              3.584      -0.598       0.000    0.58%       3.045      3.434      3.714
             519.000       0.680       2.264       6.908    0.19%       3.892      4.190
     PAR_ED_M              3.978       0.099       1.000    0.16%       3.000      3.500      4.000
             613.000       1.220      -0.854       6.000    6.85%       4.000      5.000
     PGS                   0.000      -0.011      -1.710    0.08%      -0.372     -0.052     -0.001
            1268.000       0.212       0.690       1.710    0.08%       0.050      0.373
     SEX                   0.000      -0.016      -0.750    0.08%       0.000      0.000      0.000
            1268.000       0.095      -0.235       0.667    0.87%       0.000      0.000
     AGE_1                 0.000       0.051      -2.639    0.08%      -0.875      0.000      0.000
            1268.000       0.913      -0.108       2.694    0.08%       0.000      0.875
     PR_PARENT            -0.036      -0.247      -3.188    0.17%      -0.777     -0.322     -0.071
            1151.000       0.996      -0.161       1.820    4.95%       0.217      0.864
     PR_CHILD              0.056      -0.337      -3.724    0.08%      -0.715     -0.208     -0.007
            1250.000       0.949      -0.169       1.553   11.84%       0.368      1.016
     DEL_PEER             -0.059       0.489      -1.152   30.28%      -1.152     -0.398     -0.062
            1265.000       0.941      -0.700       2.545    0.16%       0.184      0.792
     SCHO_CON              0.001      -0.043      -3.392    0.08%      -0.832     -0.231      0.001
            1266.000       1.028      -0.100       2.252    1.74%       0.231      0.848
     ASB_1                -0.093       1.180      -0.823   43.84%      -0.823     -0.823     -0.764
            1266.000       0.876       0.553       3.954    0.08%      -0.051      0.718
     SUB_1                -0.065       0.847      -1.074   13.25%      -0.906     -0.737     -0.428
            1268.000       0.951      -0.297       3.191    0.08%      -0.004      0.892
     ASB_3                -0.067       1.804      -0.770   43.84%      -0.770     -0.770     -0.511
            1266.000       0.989       3.153       4.668    0.08%      -0.351      0.694
     SUB_3                -0.006       0.308      -1.489   13.25%      -0.988     -0.342     -0.036
            1268.000       1.049      -0.569       3.104    0.08%       0.243      0.883


THE MODEL ESTIMATION TERMINATED NORMALLY

     USE THE FBITERATIONS OPTION TO INCREASE THE NUMBER OF ITERATIONS BY A FACTOR
     OF AT LEAST TWO TO CHECK CONVERGENCE AND THAT THE PSR VALUE DOES NOT INCREASE.



MODEL FIT INFORMATION

Number of Free Parameters                             172

Bayesian Posterior Predictive Checking using Chi-Square

          95% Confidence Interval for the Difference Between
          the Observed and the Replicated Chi-Square Values

                                -50.719            55.439

          Posterior Predictive P-Value              0.470

Information Criteria

          Deviance (DIC)                        36034.374
          Estimated Number of Parameters (pD)    2076.273



MODEL RESULTS

                                Posterior  One-Tailed         95% C.I.
                    Estimate       S.D.      P-Value   Lower 2.5%  Upper 2.5%  Significance

Within Level

 PR_PARENT  ON
    SEX                0.118       0.067      0.038      -0.012       0.249
    AGE_1             -0.020       0.021      0.175      -0.062       0.022
    PGS               -0.122       0.044      0.003      -0.210      -0.036      *

 PR_CHILD   ON
    SEX               -0.052       0.077      0.252      -0.203       0.100
    AGE_1             -0.083       0.025      0.000      -0.132      -0.034      *
    PGS               -0.111       0.051      0.015      -0.212      -0.010      *

 DEL_PEER   ON
    SEX               -0.114       0.068      0.048      -0.248       0.020
    AGE_1              0.157       0.022      0.000       0.114       0.200      *
    PGS                0.038       0.046      0.200      -0.051       0.128

 SCHO_CON   ON
    SEX                0.098       0.079      0.105      -0.056       0.252
    AGE_1             -0.002       0.025      0.461      -0.052       0.047
    PGS                0.025       0.053      0.315      -0.078       0.128

 ASB_3      ON
    SEX               -0.452       0.077      0.000      -0.603      -0.302      *
    AGE_1             -0.053       0.025      0.016      -0.101      -0.004      *
    PGS                0.095       0.051      0.033      -0.006       0.195

 SUB_3      ON
    SEX               -0.364       0.076      0.000      -0.512      -0.214      *
    AGE_1             -0.027       0.024      0.130      -0.076       0.020
    PGS               -0.014       0.051      0.391      -0.114       0.085

 ASB_1      ON
    SEX               -0.504       0.072      0.000      -0.645      -0.361      *
    AGE_1             -0.038       0.023      0.051      -0.084       0.008
    PGS                0.122       0.048      0.005       0.028       0.217      *

 SUB_1      ON
    SEX               -0.170       0.072      0.009      -0.311      -0.029      *
    AGE_1              0.117       0.023      0.000       0.072       0.162      *
    PGS                0.086       0.048      0.035      -0.007       0.180

 PGS      WITH
    SEX                0.004       0.004      0.185      -0.004       0.012
    AGE_1              0.014       0.013      0.126      -0.010       0.039

 SEX      WITH
    AGE_1             -0.013       0.008      0.064      -0.029       0.004

 PR_CHILD WITH
    PR_PARENT          0.139       0.025      0.000       0.091       0.191      *

 DEL_PEER WITH
    PR_PARENT         -0.083       0.022      0.000      -0.127      -0.041      *
    PR_CHILD          -0.105       0.026      0.000      -0.156      -0.055      *

 SCHO_CON WITH
    PR_PARENT          0.052       0.025      0.017       0.004       0.101      *
    PR_CHILD           0.199       0.030      0.000       0.142       0.260      *
    DEL_PEER          -0.098       0.026      0.000      -0.150      -0.048      *

 ASB_1    WITH
    PR_PARENT         -0.108       0.023      0.000      -0.155      -0.064      *
    PR_CHILD          -0.140       0.027      0.000      -0.195      -0.089      *
    DEL_PEER           0.233       0.025      0.000       0.186       0.285      *
    SCHO_CON          -0.130       0.027      0.000      -0.185      -0.078      *

 SUB_1    WITH
    PR_PARENT         -0.117       0.023      0.000      -0.164      -0.073      *
    PR_CHILD          -0.136       0.027      0.000      -0.190      -0.085      *
    DEL_PEER           0.299       0.026      0.000       0.251       0.353      *
    SCHO_CON          -0.121       0.027      0.000      -0.176      -0.069      *
    ASB_1              0.272       0.027      0.000       0.222       0.327      *

 ASB_3    WITH
    PR_PARENT         -0.087       0.025      0.000      -0.136      -0.039      *
    PR_CHILD          -0.093       0.028      0.000      -0.151      -0.039      *
    DEL_PEER           0.103       0.025      0.000       0.054       0.154      *
    SCHO_CON          -0.095       0.029      0.000      -0.153      -0.039      *
    ASB_1              0.325       0.029      0.000       0.271       0.385      *
    SUB_1              0.124       0.026      0.000       0.074       0.177      *

 SUB_3    WITH
    PR_PARENT         -0.027       0.024      0.131      -0.075       0.020
    PR_CHILD          -0.076       0.028      0.004      -0.132      -0.021      *
    DEL_PEER           0.121       0.025      0.000       0.073       0.171      *
    SCHO_CON          -0.038       0.028      0.088      -0.094       0.018
    ASB_1              0.101       0.026      0.000       0.051       0.154      *
    SUB_1              0.239       0.027      0.000       0.188       0.295      *
    ASB_3              0.146       0.028      0.000       0.093       0.204      *

 Means
    PGS                0.000       0.013      0.500      -0.025       0.025
    SEX                0.000       0.009      0.499      -0.017       0.017
    AGE_1              0.000       0.000      1.000       0.000       0.000

 Variances
    PGS                0.214       0.009      0.000       0.198       0.231      *
    SEX                0.095       0.004      0.000       0.088       0.103      *
    AGE_1              0.918       0.037      0.000       0.850       0.993      *

 Residual Variances
    PR_PARENT          0.485       0.029      0.000       0.432       0.546      *
    PR_CHILD           0.698       0.040      0.000       0.624       0.782      *
    DEL_PEER           0.557       0.031      0.000       0.500       0.622      *
    SCHO_CON           0.735       0.042      0.000       0.660       0.822      *
    ASB_1              0.622       0.034      0.000       0.559       0.693      *
    SUB_1              0.613       0.034      0.000       0.551       0.683      *
    ASB_3              0.707       0.039      0.000       0.635       0.789      *
    SUB_3              0.689       0.039      0.000       0.618       0.771      *

Between Level

 PR_PARENT  ON
    PGS_M             -0.100       0.043      0.010      -0.184      -0.016      *
    SEX_M             -0.005       0.094      0.481      -0.189       0.181
    AGE_1_M           -0.052       0.028      0.033      -0.107       0.004
    INCOME_M           0.104       0.055      0.029      -0.004       0.211
    PAR_ED_M          -0.008       0.040      0.423      -0.086       0.071

 PR_CHILD   ON
    PGS_M             -0.055       0.036      0.065      -0.126       0.016
    SEX_M             -0.158       0.080      0.024      -0.313      -0.001      *
    AGE_1_M           -0.120       0.023      0.000      -0.166      -0.075      *
    INCOME_M           0.015       0.047      0.373      -0.077       0.108
    PAR_ED_M           0.019       0.034      0.287      -0.047       0.086

 DEL_PEER   ON
    PGS_M              0.182       0.036      0.000       0.112       0.252      *
    SEX_M             -0.053       0.079      0.250      -0.207       0.101
    AGE_1_M            0.180       0.023      0.000       0.135       0.225      *
    INCOME_M           0.060       0.047      0.104      -0.033       0.153
    PAR_ED_M          -0.072       0.034      0.017      -0.138      -0.005      *

 SCHO_CON   ON
    PGS_M             -0.070       0.039      0.036      -0.146       0.006
    SEX_M             -0.037       0.085      0.329      -0.204       0.129
    AGE_1_M           -0.053       0.025      0.018      -0.101      -0.004      *
    INCOME_M           0.030       0.052      0.280      -0.072       0.132
    PAR_ED_M           0.072       0.037      0.024       0.000       0.144      *

 ASB_1      ON
    PGS_M              0.154       0.034      0.000       0.088       0.220      *
    SEX_M             -0.519       0.074      0.000      -0.665      -0.374      *
    AGE_1_M           -0.034       0.022      0.057      -0.076       0.008
    INCOME_M          -0.067       0.045      0.066      -0.154       0.020
    PAR_ED_M           0.015       0.032      0.322      -0.048       0.077

 SUB_1      ON
    PGS_M              0.189       0.035      0.000       0.121       0.257      *
    SEX_M             -0.167       0.076      0.014      -0.317      -0.019      *
    AGE_1_M            0.199       0.022      0.000       0.156       0.242      *
    INCOME_M           0.122       0.046      0.004       0.031       0.213      *
    PAR_ED_M          -0.047       0.033      0.078      -0.112       0.018

 ASB_3      ON
    PGS_M              0.134       0.036      0.000       0.063       0.205      *
    SEX_M             -0.565       0.079      0.000      -0.721      -0.409      *
    AGE_1_M           -0.059       0.023      0.005      -0.104      -0.014      *
    INCOME_M          -0.056       0.047      0.120      -0.148       0.037
    PAR_ED_M           0.024       0.034      0.240      -0.043       0.091

 SUB_3      ON
    PGS_M              0.068       0.038      0.036      -0.006       0.142
    SEX_M             -0.472       0.083      0.000      -0.634      -0.311      *
    AGE_1_M            0.040       0.024      0.050      -0.008       0.087
    INCOME_M           0.270       0.050      0.000       0.171       0.368      *
    PAR_ED_M          -0.008       0.036      0.414      -0.078       0.063

 PGS_M    WITH
    SEX_M              0.043       0.014      0.001       0.015       0.071      *
    AGE_1_M           -0.002       0.048      0.486      -0.096       0.093
    INCOME_M          -0.030       0.032      0.172      -0.092       0.032
    PAR_ED_M          -0.115       0.040      0.002      -0.195      -0.038      *

 SEX_M    WITH
    AGE_1_M           -0.039       0.022      0.039      -0.083       0.004
    INCOME_M           0.000       0.015      0.496      -0.029       0.029
    PAR_ED_M          -0.038       0.018      0.019      -0.074      -0.002      *

 AGE_1_M  WITH
    INCOME_M           0.095       0.050      0.028      -0.003       0.195
    PAR_ED_M          -0.027       0.062      0.331      -0.149       0.095

 INCOME_M WITH
    PAR_ED_M           0.496       0.046      0.000       0.411       0.593      *

 PR_CHILD WITH
    PR_PARENT          0.159       0.033      0.000       0.098       0.225      *

 DEL_PEER WITH
    PR_PARENT         -0.080       0.031      0.004      -0.142      -0.021      *
    PR_CHILD          -0.050       0.027      0.031      -0.105       0.003

 SCHO_CON WITH
    PR_PARENT          0.110       0.033      0.000       0.046       0.177      *
    PR_CHILD           0.080       0.031      0.003       0.022       0.142      *
    DEL_PEER          -0.082       0.029      0.002      -0.140      -0.026      *

 ASB_1    WITH
    PR_PARENT         -0.086       0.029      0.001      -0.145      -0.031      *
    PR_CHILD          -0.056       0.026      0.015      -0.109      -0.005      *
    DEL_PEER           0.107       0.027      0.000       0.056       0.161      *
    SCHO_CON          -0.119       0.029      0.000      -0.176      -0.065      *

 SUB_1    WITH
    PR_PARENT         -0.070       0.030      0.009      -0.131      -0.013      *
    PR_CHILD          -0.041       0.027      0.062      -0.095       0.011
    DEL_PEER           0.219       0.030      0.000       0.163       0.280      *
    SCHO_CON          -0.071       0.029      0.005      -0.130      -0.017      *
    ASB_1              0.092       0.027      0.000       0.043       0.148      *

 ASB_3    WITH
    PR_PARENT         -0.040       0.031      0.097      -0.102       0.020
    PR_CHILD          -0.047       0.028      0.044      -0.103       0.007
    DEL_PEER           0.062       0.027      0.009       0.010       0.116      *
    SCHO_CON          -0.079       0.030      0.003      -0.139      -0.022      *
    ASB_1              0.181       0.030      0.000       0.125       0.241      *
    SUB_1              0.072       0.027      0.003       0.021       0.125      *

 SUB_3    WITH
    PR_PARENT         -0.039       0.032      0.109      -0.104       0.023
    PR_CHILD          -0.002       0.029      0.465      -0.060       0.054
    DEL_PEER           0.116       0.029      0.000       0.062       0.174      *
    SCHO_CON          -0.046       0.030      0.061      -0.107       0.012
    ASB_1              0.064       0.027      0.008       0.012       0.118      *
    SUB_1              0.165       0.030      0.000       0.108       0.225      *
    ASB_3              0.102       0.029      0.000       0.046       0.161      *

 Means
    PGS_M             -0.060       0.035      0.044      -0.129       0.009
    SEX_M              1.533       0.016      0.000       1.501       1.565      *
    AGE_1_M           16.037       0.054      0.000      15.931      16.145      *
    INCOME_M           3.583       0.036      0.000       3.513       3.654      *
    PAR_ED_M           3.972       0.045      0.000       3.884       4.061      *

 Intercepts
    PR_PARENT          0.448       0.506      0.188      -0.542       1.441
    PR_CHILD           2.083       0.422      0.000       1.254       2.911      *
    DEL_PEER          -2.776       0.416      0.000      -3.589      -1.959      *
    SCHO_CON           0.498       0.451      0.135      -0.389       1.386
    ASB_1              1.437       0.391      0.000       0.674       2.207      *
    SUB_1             -3.240       0.402      0.000      -4.027      -2.449      *
    ASB_3              1.855       0.418      0.000       1.035       2.673      *
    SUB_3             -0.853       0.441      0.026      -1.716       0.007

 Variances
    PGS_M              0.756       0.044      0.000       0.677       0.848      *
    SEX_M              0.159       0.009      0.000       0.143       0.178      *
    AGE_1_M            1.838       0.106      0.000       1.646       2.061      *
    INCOME_M           0.706       0.045      0.000       0.626       0.800      *
    PAR_ED_M           1.249       0.072      0.000       1.118       1.401      *

 Residual Variances
    PR_PARENT          0.526       0.049      0.000       0.437       0.629      *
    PR_CHILD           0.245       0.040      0.000       0.171       0.327      *
    DEL_PEER           0.297       0.036      0.000       0.229       0.372      *
    SCHO_CON           0.310       0.044      0.000       0.228       0.401      *
    ASB_1              0.200       0.033      0.000       0.139       0.268      *
    SUB_1              0.235       0.035      0.000       0.170       0.307      *
    ASB_3              0.231       0.038      0.000       0.160       0.309      *
    SUB_3              0.292       0.042      0.000       0.213       0.377      *

New/Additional Parameters
    D_PARENT           0.022       0.062      0.358      -0.099       0.143
    D_CHILD            0.056       0.063      0.189      -0.068       0.180
    D_PEER             0.144       0.058      0.007       0.030       0.257      *
    D_SCHO            -0.095       0.065      0.073      -0.222       0.033


CREDIBILITY INTERVALS OF MODEL RESULTS

                  Lower .5%  Lower 2.5%    Lower 5%    Estimate    Upper 5%  Upper 2.5%   Upper .5%

Within Level

 PR_PAREN ON
    SEX             -0.053      -0.012       0.008       0.118       0.228       0.249       0.290
    AGE_1           -0.075      -0.062      -0.055      -0.020       0.015       0.022       0.035
    PGS             -0.237      -0.210      -0.195      -0.122      -0.050      -0.036      -0.008

 PR_CHILD ON
    SEX             -0.251      -0.203      -0.178      -0.052       0.076       0.100       0.147
    AGE_1           -0.147      -0.132      -0.124      -0.083      -0.042      -0.034      -0.019
    PGS             -0.245      -0.212      -0.196      -0.111      -0.026      -0.010       0.021

 DEL_PEER ON
    SEX             -0.289      -0.248      -0.226      -0.114      -0.001       0.020       0.062
    AGE_1            0.100       0.114       0.121       0.157       0.193       0.200       0.214
    PGS             -0.079      -0.051      -0.037       0.038       0.113       0.128       0.156

 SCHO_CON ON
    SEX             -0.104      -0.056      -0.031       0.098       0.227       0.252       0.299
    AGE_1           -0.067      -0.052      -0.044      -0.002       0.039       0.047       0.063
    PGS             -0.111      -0.078      -0.061       0.025       0.111       0.128       0.161

 ASB_3    ON
    SEX             -0.650      -0.603      -0.578      -0.452      -0.325      -0.302      -0.255
    AGE_1           -0.117      -0.101      -0.093      -0.053      -0.012      -0.004       0.011
    PGS             -0.037      -0.006       0.010       0.095       0.179       0.195       0.226

 SUB_3    ON
    SEX             -0.560      -0.512      -0.488      -0.364      -0.238      -0.214      -0.168
    AGE_1           -0.090      -0.076      -0.068      -0.027       0.012       0.020       0.035
    PGS             -0.145      -0.114      -0.097      -0.014       0.069       0.085       0.117

 ASB_1    ON
    SEX             -0.690      -0.645      -0.622      -0.504      -0.384      -0.361      -0.318
    AGE_1           -0.098      -0.084      -0.076      -0.038       0.000       0.008       0.022
    PGS             -0.001       0.028       0.043       0.122       0.202       0.217       0.246

 SUB_1    ON
    SEX             -0.356      -0.311      -0.288      -0.170      -0.052      -0.029       0.015
    AGE_1            0.057       0.072       0.079       0.117       0.155       0.162       0.177
    PGS             -0.037      -0.007       0.008       0.086       0.165       0.180       0.210

 PGS      WITH
    SEX             -0.007      -0.004      -0.003       0.004       0.010       0.012       0.014
    AGE_1           -0.018      -0.010      -0.006       0.014       0.035       0.039       0.047

 SEX      WITH
    AGE_1           -0.034      -0.029      -0.026      -0.013       0.001       0.004       0.009

 PR_CHILD WITH
    PR_PARENT        0.077       0.091       0.099       0.139       0.182       0.191       0.208

 DEL_PEER WITH
    PR_PARENT       -0.141      -0.127      -0.120      -0.083      -0.048      -0.041      -0.028
    PR_CHILD        -0.174      -0.156      -0.148      -0.105      -0.063      -0.055      -0.041

 SCHO_CON WITH
    PR_PARENT       -0.011       0.004       0.012       0.052       0.093       0.101       0.117
    PR_CHILD         0.125       0.142       0.151       0.199       0.250       0.260       0.280
    DEL_PEER        -0.167      -0.150      -0.141      -0.098      -0.056      -0.048      -0.032

 ASB_1    WITH
    PR_PARENT       -0.170      -0.155      -0.147      -0.108      -0.071      -0.064      -0.051
    PR_CHILD        -0.213      -0.195      -0.186      -0.140      -0.097      -0.089      -0.074
    DEL_PEER         0.172       0.186       0.194       0.233       0.276       0.285       0.302
    SCHO_CON        -0.203      -0.185      -0.176      -0.130      -0.086      -0.078      -0.061

 SUB_1    WITH
    PR_PARENT       -0.180      -0.164      -0.156      -0.117      -0.080      -0.073      -0.059
    PR_CHILD        -0.208      -0.190      -0.181      -0.136      -0.093      -0.085      -0.069
    DEL_PEER         0.236       0.251       0.258       0.299       0.344       0.353       0.371
    SCHO_CON        -0.194      -0.176      -0.167      -0.121      -0.077      -0.069      -0.053
    ASB_1            0.208       0.222       0.230       0.272       0.317       0.327       0.344

 ASB_3    WITH
    PR_PARENT       -0.153      -0.136      -0.128      -0.087      -0.047      -0.039      -0.024
    PR_CHILD        -0.170      -0.151      -0.141      -0.093      -0.048      -0.039      -0.022
    DEL_PEER         0.038       0.054       0.062       0.103       0.145       0.154       0.170
    SCHO_CON        -0.171      -0.153      -0.143      -0.095      -0.048      -0.039      -0.021
    ASB_1            0.256       0.271       0.279       0.325       0.375       0.385       0.406
    SUB_1            0.058       0.074       0.082       0.124       0.169       0.177       0.195

 SUB_3    WITH
    PR_PARENT       -0.091      -0.075      -0.067      -0.027       0.013       0.020       0.035
    PR_CHILD        -0.151      -0.132      -0.122      -0.076      -0.030      -0.021      -0.003
    DEL_PEER         0.058       0.073       0.080       0.121       0.163       0.171       0.188
    SCHO_CON        -0.112      -0.094      -0.085      -0.038       0.008       0.018       0.035
    ASB_1            0.035       0.051       0.059       0.101       0.145       0.154       0.171
    SUB_1            0.173       0.188       0.195       0.239       0.286       0.295       0.314
    ASB_3            0.077       0.093       0.101       0.146       0.194       0.204       0.223

 Means
    PGS             -0.033      -0.025      -0.021       0.000       0.021       0.025       0.033
    SEX             -0.022      -0.017      -0.014       0.000       0.014       0.017       0.022
    AGE_1            0.000       0.000       0.000       0.000       0.000       0.000       0.000

 Variances
    PGS              0.193       0.198       0.200       0.214       0.228       0.231       0.237
    SEX              0.086       0.088       0.089       0.095       0.102       0.103       0.106
    AGE_1            0.830       0.850       0.860       0.918       0.980       0.993       1.019

 Residual Variances
    PR_PARENT        0.417       0.432       0.440       0.485       0.536       0.546       0.568
    PR_CHILD         0.604       0.624       0.635       0.698       0.768       0.782       0.810
    DEL_PEER         0.483       0.500       0.508       0.557       0.612       0.622       0.645
    SCHO_CON         0.637       0.660       0.671       0.735       0.807       0.822       0.852
    ASB_1            0.541       0.559       0.569       0.622       0.681       0.693       0.717
    SUB_1            0.533       0.551       0.560       0.613       0.671       0.683       0.708
    ASB_3            0.615       0.635       0.646       0.707       0.775       0.789       0.818
    SUB_3            0.598       0.618       0.629       0.689       0.757       0.771       0.801

Between Level

 PR_PAREN ON
    PGS_M           -0.211      -0.184      -0.171      -0.100      -0.030      -0.016       0.010
    SEX_M           -0.248      -0.189      -0.160      -0.005       0.151       0.181       0.239
    AGE_1_M         -0.125      -0.107      -0.098      -0.052      -0.006       0.004       0.021
    INCOME_M        -0.037      -0.004       0.013       0.104       0.194       0.211       0.244
    PAR_ED_M        -0.110      -0.086      -0.073      -0.008       0.058       0.071       0.096

 PR_CHILD ON
    PGS_M           -0.149      -0.126      -0.115      -0.055       0.005       0.016       0.038
    SEX_M           -0.364      -0.313      -0.288      -0.158      -0.026      -0.001       0.048
    AGE_1_M         -0.180      -0.166      -0.159      -0.120      -0.082      -0.075      -0.060
    INCOME_M        -0.106      -0.077      -0.062       0.015       0.093       0.108       0.136
    PAR_ED_M        -0.068      -0.047      -0.037       0.019       0.076       0.086       0.107

 DEL_PEER ON
    PGS_M            0.090       0.112       0.123       0.182       0.241       0.252       0.275
    SEX_M           -0.255      -0.207      -0.182      -0.053       0.076       0.101       0.148
    AGE_1_M          0.120       0.135       0.142       0.180       0.217       0.225       0.239
    INCOME_M        -0.063      -0.033      -0.019       0.060       0.137       0.153       0.182
    PAR_ED_M        -0.159      -0.138      -0.128      -0.072      -0.016      -0.005       0.016

 SCHO_CON ON
    PGS_M           -0.169      -0.146      -0.134      -0.070      -0.006       0.006       0.030
    SEX_M           -0.258      -0.204      -0.178      -0.037       0.102       0.129       0.182
    AGE_1_M         -0.116      -0.101      -0.094      -0.053      -0.012      -0.004       0.011
    INCOME_M        -0.103      -0.072      -0.055       0.030       0.116       0.132       0.163
    PAR_ED_M        -0.022       0.000       0.012       0.072       0.133       0.144       0.167

 ASB_1    ON
    PGS_M            0.067       0.088       0.098       0.154       0.209       0.220       0.241
    SEX_M           -0.711      -0.665      -0.641      -0.519      -0.397      -0.374      -0.328
    AGE_1_M         -0.090      -0.076      -0.069      -0.034       0.001       0.008       0.022
    INCOME_M        -0.182      -0.154      -0.140      -0.067       0.006       0.020       0.048
    PAR_ED_M        -0.068      -0.048      -0.038       0.015       0.067       0.077       0.097

 SUB_1    ON
    PGS_M            0.100       0.121       0.132       0.189       0.246       0.257       0.278
    SEX_M           -0.362      -0.317      -0.293      -0.167      -0.043      -0.019       0.027
    AGE_1_M          0.142       0.156       0.163       0.199       0.235       0.242       0.256
    INCOME_M         0.002       0.031       0.046       0.122       0.198       0.213       0.242
    PAR_ED_M        -0.132      -0.112      -0.101      -0.047       0.008       0.018       0.038

 ASB_3    ON
    PGS_M            0.040       0.063       0.075       0.134       0.193       0.205       0.227
    SEX_M           -0.770      -0.721      -0.696      -0.565      -0.434      -0.409      -0.360
    AGE_1_M         -0.119      -0.104      -0.097      -0.059      -0.021      -0.014       0.001
    INCOME_M        -0.177      -0.148      -0.133      -0.056       0.022       0.037       0.067
    PAR_ED_M        -0.064      -0.043      -0.032       0.024       0.080       0.091       0.112

 SUB_3    ON
    PGS_M           -0.030      -0.006       0.006       0.068       0.130       0.142       0.166
    SEX_M           -0.686      -0.634      -0.608      -0.472      -0.336      -0.311      -0.260
    AGE_1_M         -0.023      -0.008       0.000       0.040       0.080       0.087       0.102
    INCOME_M         0.139       0.171       0.187       0.270       0.352       0.368       0.399
    PAR_ED_M        -0.101      -0.078      -0.067      -0.008       0.052       0.063       0.086

 PGS_M    WITH
    SEX_M            0.007       0.015       0.020       0.043       0.067       0.071       0.081
    AGE_1_M         -0.127      -0.096      -0.082      -0.002       0.078       0.093       0.124
    INCOME_M        -0.113      -0.092      -0.082      -0.030       0.022       0.032       0.051
    PAR_ED_M        -0.221      -0.195      -0.182      -0.115      -0.050      -0.038      -0.014

 SEX_M    WITH
    AGE_1_M         -0.097      -0.083      -0.075      -0.039      -0.003       0.004       0.018
    INCOME_M        -0.038      -0.029      -0.024       0.000       0.024       0.029       0.038
    PAR_ED_M        -0.086      -0.074      -0.068      -0.038      -0.008      -0.002       0.009

 AGE_1_M  WITH
    INCOME_M        -0.034      -0.003       0.013       0.095       0.179       0.195       0.228
    PAR_ED_M        -0.186      -0.149      -0.129      -0.027       0.075       0.095       0.134

 INCOME_M WITH
    PAR_ED_M         0.386       0.411       0.424       0.496       0.576       0.593       0.626

 PR_CHILD WITH
    PR_PARENT        0.079       0.098       0.107       0.159       0.214       0.225       0.248

 DEL_PEER WITH
    PR_PARENT       -0.163      -0.142      -0.132      -0.080      -0.030      -0.021      -0.003
    PR_CHILD        -0.123      -0.105      -0.096      -0.050      -0.006       0.003       0.019

 SCHO_CON WITH
    PR_PARENT        0.026       0.046       0.056       0.110       0.165       0.177       0.200
    PR_CHILD         0.004       0.022       0.031       0.080       0.131       0.142       0.162
    DEL_PEER        -0.159      -0.140      -0.131      -0.082      -0.035      -0.026      -0.009

 ASB_1    WITH
    PR_PARENT       -0.164      -0.145      -0.135      -0.086      -0.039      -0.031      -0.014
    PR_CHILD        -0.126      -0.109      -0.100      -0.056      -0.014      -0.005       0.010
    DEL_PEER         0.041       0.056       0.064       0.107       0.152       0.161       0.180
    SCHO_CON        -0.195      -0.176      -0.167      -0.119      -0.073      -0.065      -0.049

 SUB_1    WITH
    PR_PARENT       -0.152      -0.131      -0.121      -0.070      -0.022      -0.013       0.006
    PR_CHILD        -0.112      -0.095      -0.086      -0.041       0.003       0.011       0.026
    DEL_PEER         0.146       0.163       0.172       0.219       0.270       0.280       0.301
    SCHO_CON        -0.149      -0.130      -0.120      -0.071      -0.025      -0.017       0.001
    ASB_1            0.028       0.043       0.051       0.092       0.138       0.148       0.165

 ASB_3    WITH
    PR_PARENT       -0.122      -0.102      -0.092      -0.040       0.010       0.020       0.038
    PR_CHILD        -0.121      -0.103      -0.093      -0.047      -0.002       0.007       0.024
    DEL_PEER        -0.006       0.010       0.018       0.062       0.107       0.116       0.134
    SCHO_CON        -0.159      -0.139      -0.129      -0.079      -0.031      -0.022      -0.004
    ASB_1            0.108       0.125       0.134       0.181       0.231       0.241       0.262
    SUB_1            0.005       0.021       0.029       0.072       0.117       0.125       0.143

 SUB_3    WITH
    PR_PARENT       -0.125      -0.104      -0.093      -0.039       0.013       0.023       0.042
    PR_CHILD        -0.078      -0.060      -0.050      -0.002       0.045       0.054       0.071
    DEL_PEER         0.045       0.062       0.070       0.116       0.165       0.174       0.194
    SCHO_CON        -0.126      -0.107      -0.097      -0.046       0.003       0.012       0.031
    ASB_1           -0.004       0.012       0.020       0.064       0.109       0.118       0.136
    SUB_1            0.092       0.108       0.117       0.165       0.215       0.225       0.246
    ASB_3            0.028       0.046       0.055       0.102       0.151       0.161       0.181

 Means
    PGS_M           -0.150      -0.129      -0.118      -0.060      -0.002       0.009       0.031
    SEX_M            1.492       1.501       1.507       1.533       1.559       1.565       1.574
    AGE_1_M         15.897      15.931      15.948      16.037      16.127      16.145      16.179
    INCOME_M         3.491       3.513       3.524       3.583       3.642       3.654       3.676
    PAR_ED_M         3.856       3.884       3.898       3.972       4.046       4.061       4.088

 Intercepts
    PR_PARENT       -0.864      -0.542      -0.378       0.448       1.278       1.441       1.763
    PR_CHILD         0.991       1.254       1.391       2.083       2.778       2.911       3.181
    DEL_PEER        -3.848      -3.589      -3.461      -2.776      -2.092      -1.959      -1.695
    SCHO_CON        -0.662      -0.389      -0.244       0.498       1.246       1.386       1.659
    ASB_1            0.434       0.674       0.796       1.437       2.079       2.207       2.454
    SUB_1           -4.277      -4.027      -3.900      -3.240      -2.578      -2.449      -2.196
    ASB_3            0.776       1.035       1.165       1.855       2.542       2.673       2.929
    SUB_3           -1.991      -1.716      -1.581      -0.853      -0.129       0.007       0.282

 Variances
    PGS_M            0.655       0.677       0.689       0.756       0.833       0.848       0.879
    SEX_M            0.138       0.143       0.145       0.159       0.175       0.178       0.185
    AGE_1_M          1.590       1.646       1.674       1.838       2.022       2.061       2.141
    INCOME_M         0.603       0.626       0.638       0.706       0.784       0.800       0.833
    PAR_ED_M         1.081       1.118       1.138       1.249       1.376       1.401       1.456

 Residual Variances
    PR_PARENT        0.410       0.437       0.451       0.526       0.612       0.629       0.665
    PR_CHILD         0.150       0.171       0.182       0.245       0.313       0.327       0.355
    DEL_PEER         0.210       0.229       0.240       0.297       0.360       0.372       0.397
    SCHO_CON         0.204       0.228       0.240       0.310       0.385       0.401       0.432
    ASB_1            0.122       0.139       0.149       0.200       0.257       0.268       0.292
    SUB_1            0.151       0.170       0.180       0.235       0.295       0.307       0.332
    ASB_3            0.138       0.160       0.171       0.231       0.296       0.309       0.336
    SUB_3            0.188       0.213       0.225       0.292       0.363       0.377       0.406

New/Additional Parameters
    D_PARENT        -0.137      -0.099      -0.080       0.022       0.124       0.143       0.181
    D_CHILD         -0.107      -0.068      -0.048       0.056       0.159       0.180       0.219
    D_PEER          -0.005       0.030       0.048       0.144       0.239       0.257       0.293
    D_SCHO          -0.263      -0.222      -0.203      -0.095       0.013       0.033       0.074


TECHNICAL 1 OUTPUT


     PARAMETER SPECIFICATION FOR WITHIN


           NU
              PGS           SEX           AGE_1         PR_PAREN      PR_CHILD
              ________      ________      ________      ________      ________
                    0             0             0             0             0


           NU
              DEL_PEER      SCHO_CON      ASB_1         SUB_1         ASB_3
              ________      ________      ________      ________      ________
                    0             0             0             0             0


           NU
              SUB_3
              ________
                    0


           LAMBDA
              PGS           SEX           AGE_1         PR_PAREN      PR_CHILD
              ________      ________      ________      ________      ________
 PGS                0             0             0             0             0
 SEX                0             0             0             0             0
 AGE_1              0             0             0             0             0
 PR_PAREN           0             0             0             0             0
 PR_CHILD           0             0             0             0             0
 DEL_PEER           0             0             0             0             0
 SCHO_CON           0             0             0             0             0
 ASB_1              0             0             0             0             0
 SUB_1              0             0             0             0             0
 ASB_3              0             0             0             0             0
 SUB_3              0             0             0             0             0


           LAMBDA
              DEL_PEER      SCHO_CON      ASB_1         SUB_1         ASB_3
              ________      ________      ________      ________      ________
 PGS                0             0             0             0             0
 SEX                0             0             0             0             0
 AGE_1              0             0             0             0             0
 PR_PAREN           0             0             0             0             0
 PR_CHILD           0             0             0             0             0
 DEL_PEER           0             0             0             0             0
 SCHO_CON           0             0             0             0             0
 ASB_1              0             0             0             0             0
 SUB_1              0             0             0             0             0
 ASB_3              0             0             0             0             0
 SUB_3              0             0             0             0             0


           LAMBDA
              SUB_3
              ________
 PGS                0
 SEX                0
 AGE_1              0
 PR_PAREN           0
 PR_CHILD           0
 DEL_PEER           0
 SCHO_CON           0
 ASB_1              0
 SUB_1              0
 ASB_3              0
 SUB_3              0


           THETA
              PGS           SEX           AGE_1         PR_PAREN      PR_CHILD
              ________      ________      ________      ________      ________
 PGS                0
 SEX                0             0
 AGE_1              0             0             0
 PR_PAREN           0             0             0             0
 PR_CHILD           0             0             0             0             0
 DEL_PEER           0             0             0             0             0
 SCHO_CON           0             0             0             0             0
 ASB_1              0             0             0             0             0
 SUB_1              0             0             0             0             0
 ASB_3              0             0             0             0             0
 SUB_3              0             0             0             0             0


           THETA
              DEL_PEER      SCHO_CON      ASB_1         SUB_1         ASB_3
              ________      ________      ________      ________      ________
 DEL_PEER           0
 SCHO_CON           0             0
 ASB_1              0             0             0
 SUB_1              0             0             0             0
 ASB_3              0             0             0             0             0
 SUB_3              0             0             0             0             0


           THETA
              SUB_3
              ________
 SUB_3              0


           ALPHA
              PGS           SEX           AGE_1         PR_PAREN      PR_CHILD
              ________      ________      ________      ________      ________
                    1             2             0             0             0


           ALPHA
              DEL_PEER      SCHO_CON      ASB_1         SUB_1         ASB_3
              ________      ________      ________      ________      ________
                    0             0             0             0             0


           ALPHA
              SUB_3
              ________
                    0


           BETA
              PGS           SEX           AGE_1         PR_PAREN      PR_CHILD
              ________      ________      ________      ________      ________
 PGS                0             0             0             0             0
 SEX                0             0             0             0             0
 AGE_1              0             0             0             0             0
 PR_PAREN           3             4             5             0             0
 PR_CHILD           6             7             8             0             0
 DEL_PEER           9            10            11             0             0
 SCHO_CON          12            13            14             0             0
 ASB_1             15            16            17             0             0
 SUB_1             18            19            20             0             0
 ASB_3             21            22            23             0             0
 SUB_3             24            25            26             0             0


           BETA
              DEL_PEER      SCHO_CON      ASB_1         SUB_1         ASB_3
              ________      ________      ________      ________      ________
 PGS                0             0             0             0             0
 SEX                0             0             0             0             0
 AGE_1              0             0             0             0             0
 PR_PAREN           0             0             0             0             0
 PR_CHILD           0             0             0             0             0
 DEL_PEER           0             0             0             0             0
 SCHO_CON           0             0             0             0             0
 ASB_1              0             0             0             0             0
 SUB_1              0             0             0             0             0
 ASB_3              0             0             0             0             0
 SUB_3              0             0             0             0             0


           BETA
              SUB_3
              ________
 PGS                0
 SEX                0
 AGE_1              0
 PR_PAREN           0
 PR_CHILD           0
 DEL_PEER           0
 SCHO_CON           0
 ASB_1              0
 SUB_1              0
 ASB_3              0
 SUB_3              0


           PSI
              PGS           SEX           AGE_1         PR_PAREN      PR_CHILD
              ________      ________      ________      ________      ________
 PGS               27
 SEX               28            29
 AGE_1             30            31            32
 PR_PAREN           0             0             0            33
 PR_CHILD           0             0             0            34            35
 DEL_PEER           0             0             0            36            37
 SCHO_CON           0             0             0            39            40
 ASB_1              0             0             0            43            44
 SUB_1              0             0             0            48            49
 ASB_3              0             0             0            54            55
 SUB_3              0             0             0            61            62


           PSI
              DEL_PEER      SCHO_CON      ASB_1         SUB_1         ASB_3
              ________      ________      ________      ________      ________
 DEL_PEER          38
 SCHO_CON          41            42
 ASB_1             45            46            47
 SUB_1             50            51            52            53
 ASB_3             56            57            58            59            60
 SUB_3             63            64            65            66            67


           PSI
              SUB_3
              ________
 SUB_3             68


     PARAMETER SPECIFICATION FOR BETWEEN


           NU
              PGS_M         SEX_M         AGE_1_M       INCOME_M      PAR_ED_M
              ________      ________      ________      ________      ________
                    0             0             0             0             0


           NU
              PR_PAREN      PR_CHILD      DEL_PEER      SCHO_CON      ASB_1
              ________      ________      ________      ________      ________
                    0             0             0             0             0


           NU
              SUB_1         ASB_3         SUB_3
              ________      ________      ________
                    0             0             0


           LAMBDA
              PGS_M         SEX_M         AGE_1_M       INCOME_M      PAR_ED_M
              ________      ________      ________      ________      ________
 PGS_M              0             0             0             0             0
 SEX_M              0             0             0             0             0
 AGE_1_M            0             0             0             0             0
 INCOME_M           0             0             0             0             0
 PAR_ED_M           0             0             0             0             0
 PR_PAREN           0             0             0             0             0
 PR_CHILD           0             0             0             0             0
 DEL_PEER           0             0             0             0             0
 SCHO_CON           0             0             0             0             0
 ASB_1              0             0             0             0             0
 SUB_1              0             0             0             0             0
 ASB_3              0             0             0             0             0
 SUB_3              0             0             0             0             0


           LAMBDA
              PR_PAREN      PR_CHILD      DEL_PEER      SCHO_CON      ASB_1
              ________      ________      ________      ________      ________
 PGS_M              0             0             0             0             0
 SEX_M              0             0             0             0             0
 AGE_1_M            0             0             0             0             0
 INCOME_M           0             0             0             0             0
 PAR_ED_M           0             0             0             0             0
 PR_PAREN           0             0             0             0             0
 PR_CHILD           0             0             0             0             0
 DEL_PEER           0             0             0             0             0
 SCHO_CON           0             0             0             0             0
 ASB_1              0             0             0             0             0
 SUB_1              0             0             0             0             0
 ASB_3              0             0             0             0             0
 SUB_3              0             0             0             0             0


           LAMBDA
              SUB_1         ASB_3         SUB_3
              ________      ________      ________
 PGS_M              0             0             0
 SEX_M              0             0             0
 AGE_1_M            0             0             0
 INCOME_M           0             0             0
 PAR_ED_M           0             0             0
 PR_PAREN           0             0             0
 PR_CHILD           0             0             0
 DEL_PEER           0             0             0
 SCHO_CON           0             0             0
 ASB_1              0             0             0
 SUB_1              0             0             0
 ASB_3              0             0             0
 SUB_3              0             0             0


           THETA
              PGS_M         SEX_M         AGE_1_M       INCOME_M      PAR_ED_M
              ________      ________      ________      ________      ________
 PGS_M              0
 SEX_M              0             0
 AGE_1_M            0             0             0
 INCOME_M           0             0             0             0
 PAR_ED_M           0             0             0             0             0
 PR_PAREN           0             0             0             0             0
 PR_CHILD           0             0             0             0             0
 DEL_PEER           0             0             0             0             0
 SCHO_CON           0             0             0             0             0
 ASB_1              0             0             0             0             0
 SUB_1              0             0             0             0             0
 ASB_3              0             0             0             0             0
 SUB_3              0             0             0             0             0


           THETA
              PR_PAREN      PR_CHILD      DEL_PEER      SCHO_CON      ASB_1
              ________      ________      ________      ________      ________
 PR_PAREN           0
 PR_CHILD           0             0
 DEL_PEER           0             0             0
 SCHO_CON           0             0             0             0
 ASB_1              0             0             0             0             0
 SUB_1              0             0             0             0             0
 ASB_3              0             0             0             0             0
 SUB_3              0             0             0             0             0


           THETA
              SUB_1         ASB_3         SUB_3
              ________      ________      ________
 SUB_1              0
 ASB_3              0             0
 SUB_3              0             0             0


           ALPHA
              PGS_M         SEX_M         AGE_1_M       INCOME_M      PAR_ED_M
              ________      ________      ________      ________      ________
                   69            70            71            72            73


           ALPHA
              PR_PAREN      PR_CHILD      DEL_PEER      SCHO_CON      ASB_1
              ________      ________      ________      ________      ________
                   74            75            76            77            78


           ALPHA
              SUB_1         ASB_3         SUB_3
              ________      ________      ________
                   79            80            81


           BETA
              PGS_M         SEX_M         AGE_1_M       INCOME_M      PAR_ED_M
              ________      ________      ________      ________      ________
 PGS_M              0             0             0             0             0
 SEX_M              0             0             0             0             0
 AGE_1_M            0             0             0             0             0
 INCOME_M           0             0             0             0             0
 PAR_ED_M           0             0             0             0             0
 PR_PAREN          82            83            84            85            86
 PR_CHILD          87            88            89            90            91
 DEL_PEER          92            93            94            95            96
 SCHO_CON          97            98            99           100           101
 ASB_1            102           103           104           105           106
 SUB_1            107           108           109           110           111
 ASB_3            112           113           114           115           116
 SUB_3            117           118           119           120           121


           BETA
              PR_PAREN      PR_CHILD      DEL_PEER      SCHO_CON      ASB_1
              ________      ________      ________      ________      ________
 PGS_M              0             0             0             0             0
 SEX_M              0             0             0             0             0
 AGE_1_M            0             0             0             0             0
 INCOME_M           0             0             0             0             0
 PAR_ED_M           0             0             0             0             0
 PR_PAREN           0             0             0             0             0
 PR_CHILD           0             0             0             0             0
 DEL_PEER           0             0             0             0             0
 SCHO_CON           0             0             0             0             0
 ASB_1              0             0             0             0             0
 SUB_1              0             0             0             0             0
 ASB_3              0             0             0             0             0
 SUB_3              0             0             0             0             0


           BETA
              SUB_1         ASB_3         SUB_3
              ________      ________      ________
 PGS_M              0             0             0
 SEX_M              0             0             0
 AGE_1_M            0             0             0
 INCOME_M           0             0             0
 PAR_ED_M           0             0             0
 PR_PAREN           0             0             0
 PR_CHILD           0             0             0
 DEL_PEER           0             0             0
 SCHO_CON           0             0             0
 ASB_1              0             0             0
 SUB_1              0             0             0
 ASB_3              0             0             0
 SUB_3              0             0             0


           PSI
              PGS_M         SEX_M         AGE_1_M       INCOME_M      PAR_ED_M
              ________      ________      ________      ________      ________
 PGS_M            122
 SEX_M            123           124
 AGE_1_M          125           126           127
 INCOME_M         128           129           130           131
 PAR_ED_M         132           133           134           135           136
 PR_PAREN           0             0             0             0             0
 PR_CHILD           0             0             0             0             0
 DEL_PEER           0             0             0             0             0
 SCHO_CON           0             0             0             0             0
 ASB_1              0             0             0             0             0
 SUB_1              0             0             0             0             0
 ASB_3              0             0             0             0             0
 SUB_3              0             0             0             0             0


           PSI
              PR_PAREN      PR_CHILD      DEL_PEER      SCHO_CON      ASB_1
              ________      ________      ________      ________      ________
 PR_PAREN         137
 PR_CHILD         138           139
 DEL_PEER         140           141           142
 SCHO_CON         143           144           145           146
 ASB_1            147           148           149           150           151
 SUB_1            152           153           154           155           156
 ASB_3            158           159           160           161           162
 SUB_3            165           166           167           168           169


           PSI
              SUB_1         ASB_3         SUB_3
              ________      ________      ________
 SUB_1            157
 ASB_3            163           164
 SUB_3            170           171           172


     PARAMETER SPECIFICATION FOR THE ADDITIONAL PARAMETERS


           NEW/ADDITIONAL PARAMETERS
              D_PARENT      D_CHILD       D_PEER        D_SCHO
              ________      ________      ________      ________
                  173           174           175           176


     STARTING VALUES FOR WITHIN


           NU
              PGS           SEX           AGE_1         PR_PAREN      PR_CHILD
              ________      ________      ________      ________      ________
                0.000         0.000         0.000         0.000         0.000


           NU
              DEL_PEER      SCHO_CON      ASB_1         SUB_1         ASB_3
              ________      ________      ________      ________      ________
                0.000         0.000         0.000         0.000         0.000


           NU
              SUB_3
              ________
                0.000


           LAMBDA
              PGS           SEX           AGE_1         PR_PAREN      PR_CHILD
              ________      ________      ________      ________      ________
 PGS            1.000         0.000         0.000         0.000         0.000
 SEX            0.000         1.000         0.000         0.000         0.000
 AGE_1          0.000         0.000         1.000         0.000         0.000
 PR_PAREN       0.000         0.000         0.000         1.000         0.000
 PR_CHILD       0.000         0.000         0.000         0.000         1.000
 DEL_PEER       0.000         0.000         0.000         0.000         0.000
 SCHO_CON       0.000         0.000         0.000         0.000         0.000
 ASB_1          0.000         0.000         0.000         0.000         0.000
 SUB_1          0.000         0.000         0.000         0.000         0.000
 ASB_3          0.000         0.000         0.000         0.000         0.000
 SUB_3          0.000         0.000         0.000         0.000         0.000


           LAMBDA
              DEL_PEER      SCHO_CON      ASB_1         SUB_1         ASB_3
              ________      ________      ________      ________      ________
 PGS            0.000         0.000         0.000         0.000         0.000
 SEX            0.000         0.000         0.000         0.000         0.000
 AGE_1          0.000         0.000         0.000         0.000         0.000
 PR_PAREN       0.000         0.000         0.000         0.000         0.000
 PR_CHILD       0.000         0.000         0.000         0.000         0.000
 DEL_PEER       1.000         0.000         0.000         0.000         0.000
 SCHO_CON       0.000         1.000         0.000         0.000         0.000
 ASB_1          0.000         0.000         1.000         0.000         0.000
 SUB_1          0.000         0.000         0.000         1.000         0.000
 ASB_3          0.000         0.000         0.000         0.000         1.000
 SUB_3          0.000         0.000         0.000         0.000         0.000


           LAMBDA
              SUB_3
              ________
 PGS            0.000
 SEX            0.000
 AGE_1          0.000
 PR_PAREN       0.000
 PR_CHILD       0.000
 DEL_PEER       0.000
 SCHO_CON       0.000
 ASB_1          0.000
 SUB_1          0.000
 ASB_3          0.000
 SUB_3          1.000


           THETA
              PGS           SEX           AGE_1         PR_PAREN      PR_CHILD
              ________      ________      ________      ________      ________
 PGS            0.000
 SEX            0.000         0.000
 AGE_1          0.000         0.000         0.000
 PR_PAREN       0.000         0.000         0.000         0.000
 PR_CHILD       0.000         0.000         0.000         0.000         0.000
 DEL_PEER       0.000         0.000         0.000         0.000         0.000
 SCHO_CON       0.000         0.000         0.000         0.000         0.000
 ASB_1          0.000         0.000         0.000         0.000         0.000
 SUB_1          0.000         0.000         0.000         0.000         0.000
 ASB_3          0.000         0.000         0.000         0.000         0.000
 SUB_3          0.000         0.000         0.000         0.000         0.000


           THETA
              DEL_PEER      SCHO_CON      ASB_1         SUB_1         ASB_3
              ________      ________      ________      ________      ________
 DEL_PEER       0.000
 SCHO_CON       0.000         0.000
 ASB_1          0.000         0.000         0.000
 SUB_1          0.000         0.000         0.000         0.000
 ASB_3          0.000         0.000         0.000         0.000         0.000
 SUB_3          0.000         0.000         0.000         0.000         0.000


           THETA
              SUB_3
              ________
 SUB_3          0.000


           ALPHA
              PGS           SEX           AGE_1         PR_PAREN      PR_CHILD
              ________      ________      ________      ________      ________
                0.000         0.000         0.000         0.000         0.000


           ALPHA
              DEL_PEER      SCHO_CON      ASB_1         SUB_1         ASB_3
              ________      ________      ________      ________      ________
                0.000         0.000         0.000         0.000         0.000


           ALPHA
              SUB_3
              ________
                0.000


           BETA
              PGS           SEX           AGE_1         PR_PAREN      PR_CHILD
              ________      ________      ________      ________      ________
 PGS            0.000         0.000         0.000         0.000         0.000
 SEX            0.000         0.000         0.000         0.000         0.000
 AGE_1          0.000         0.000         0.000         0.000         0.000
 PR_PAREN       0.000         0.000         0.000         0.000         0.000
 PR_CHILD       0.000         0.000         0.000         0.000         0.000
 DEL_PEER       0.000         0.000         0.000         0.000         0.000
 SCHO_CON       0.000         0.000         0.000         0.000         0.000
 ASB_1          0.000         0.000         0.000         0.000         0.000
 SUB_1          0.000         0.000         0.000         0.000         0.000
 ASB_3          0.000         0.000         0.000         0.000         0.000
 SUB_3          0.000         0.000         0.000         0.000         0.000


           BETA
              DEL_PEER      SCHO_CON      ASB_1         SUB_1         ASB_3
              ________      ________      ________      ________      ________
 PGS            0.000         0.000         0.000         0.000         0.000
 SEX            0.000         0.000         0.000         0.000         0.000
 AGE_1          0.000         0.000         0.000         0.000         0.000
 PR_PAREN       0.000         0.000         0.000         0.000         0.000
 PR_CHILD       0.000         0.000         0.000         0.000         0.000
 DEL_PEER       0.000         0.000         0.000         0.000         0.000
 SCHO_CON       0.000         0.000         0.000         0.000         0.000
 ASB_1          0.000         0.000         0.000         0.000         0.000
 SUB_1          0.000         0.000         0.000         0.000         0.000
 ASB_3          0.000         0.000         0.000         0.000         0.000
 SUB_3          0.000         0.000         0.000         0.000         0.000


           BETA
              SUB_3
              ________
 PGS            0.000
 SEX            0.000
 AGE_1          0.000
 PR_PAREN       0.000
 PR_CHILD       0.000
 DEL_PEER       0.000
 SCHO_CON       0.000
 ASB_1          0.000
 SUB_1          0.000
 ASB_3          0.000
 SUB_3          0.000


           PSI
              PGS           SEX           AGE_1         PR_PAREN      PR_CHILD
              ________      ________      ________      ________      ________
 PGS            0.106
 SEX            0.000         0.047
 AGE_1          0.000         0.000         0.456
 PR_PAREN       0.000         0.000         0.000         0.498
 PR_CHILD       0.000         0.000         0.000         0.000         0.475
 DEL_PEER       0.000         0.000         0.000         0.000         0.000
 SCHO_CON       0.000         0.000         0.000         0.000         0.000
 ASB_1          0.000         0.000         0.000         0.000         0.000
 SUB_1          0.000         0.000         0.000         0.000         0.000
 ASB_3          0.000         0.000         0.000         0.000         0.000
 SUB_3          0.000         0.000         0.000         0.000         0.000


           PSI
              DEL_PEER      SCHO_CON      ASB_1         SUB_1         ASB_3
              ________      ________      ________      ________      ________
 DEL_PEER       0.470
 SCHO_CON       0.000         0.514
 ASB_1          0.000         0.000         0.438
 SUB_1          0.000         0.000         0.000         0.475
 ASB_3          0.000         0.000         0.000         0.000         0.495
 SUB_3          0.000         0.000         0.000         0.000         0.000


           PSI
              SUB_3
              ________
 SUB_3          0.524


     STARTING VALUES FOR BETWEEN


           NU
              PGS_M         SEX_M         AGE_1_M       INCOME_M      PAR_ED_M
              ________      ________      ________      ________      ________
                0.000         0.000         0.000         0.000         0.000


           NU
              PR_PAREN      PR_CHILD      DEL_PEER      SCHO_CON      ASB_1
              ________      ________      ________      ________      ________
                0.000         0.000         0.000         0.000         0.000


           NU
              SUB_1         ASB_3         SUB_3
              ________      ________      ________
                0.000         0.000         0.000


           LAMBDA
              PGS_M         SEX_M         AGE_1_M       INCOME_M      PAR_ED_M
              ________      ________      ________      ________      ________
 PGS_M          1.000         0.000         0.000         0.000         0.000
 SEX_M          0.000         1.000         0.000         0.000         0.000
 AGE_1_M        0.000         0.000         1.000         0.000         0.000
 INCOME_M       0.000         0.000         0.000         1.000         0.000
 PAR_ED_M       0.000         0.000         0.000         0.000         1.000
 PR_PAREN       0.000         0.000         0.000         0.000         0.000
 PR_CHILD       0.000         0.000         0.000         0.000         0.000
 DEL_PEER       0.000         0.000         0.000         0.000         0.000
 SCHO_CON       0.000         0.000         0.000         0.000         0.000
 ASB_1          0.000         0.000         0.000         0.000         0.000
 SUB_1          0.000         0.000         0.000         0.000         0.000
 ASB_3          0.000         0.000         0.000         0.000         0.000
 SUB_3          0.000         0.000         0.000         0.000         0.000


           LAMBDA
              PR_PAREN      PR_CHILD      DEL_PEER      SCHO_CON      ASB_1
              ________      ________      ________      ________      ________
 PGS_M          0.000         0.000         0.000         0.000         0.000
 SEX_M          0.000         0.000         0.000         0.000         0.000
 AGE_1_M        0.000         0.000         0.000         0.000         0.000
 INCOME_M       0.000         0.000         0.000         0.000         0.000
 PAR_ED_M       0.000         0.000         0.000         0.000         0.000
 PR_PAREN       1.000         0.000         0.000         0.000         0.000
 PR_CHILD       0.000         1.000         0.000         0.000         0.000
 DEL_PEER       0.000         0.000         1.000         0.000         0.000
 SCHO_CON       0.000         0.000         0.000         1.000         0.000
 ASB_1          0.000         0.000         0.000         0.000         1.000
 SUB_1          0.000         0.000         0.000         0.000         0.000
 ASB_3          0.000         0.000         0.000         0.000         0.000
 SUB_3          0.000         0.000         0.000         0.000         0.000


           LAMBDA
              SUB_1         ASB_3         SUB_3
              ________      ________      ________
 PGS_M          0.000         0.000         0.000
 SEX_M          0.000         0.000         0.000
 AGE_1_M        0.000         0.000         0.000
 INCOME_M       0.000         0.000         0.000
 PAR_ED_M       0.000         0.000         0.000
 PR_PAREN       0.000         0.000         0.000
 PR_CHILD       0.000         0.000         0.000
 DEL_PEER       0.000         0.000         0.000
 SCHO_CON       0.000         0.000         0.000
 ASB_1          0.000         0.000         0.000
 SUB_1          1.000         0.000         0.000
 ASB_3          0.000         1.000         0.000
 SUB_3          0.000         0.000         1.000


           THETA
              PGS_M         SEX_M         AGE_1_M       INCOME_M      PAR_ED_M
              ________      ________      ________      ________      ________
 PGS_M          0.000
 SEX_M          0.000         0.000
 AGE_1_M        0.000         0.000         0.000
 INCOME_M       0.000         0.000         0.000         0.000
 PAR_ED_M       0.000         0.000         0.000         0.000         0.000
 PR_PAREN       0.000         0.000         0.000         0.000         0.000
 PR_CHILD       0.000         0.000         0.000         0.000         0.000
 DEL_PEER       0.000         0.000         0.000         0.000         0.000
 SCHO_CON       0.000         0.000         0.000         0.000         0.000
 ASB_1          0.000         0.000         0.000         0.000         0.000
 SUB_1          0.000         0.000         0.000         0.000         0.000
 ASB_3          0.000         0.000         0.000         0.000         0.000
 SUB_3          0.000         0.000         0.000         0.000         0.000


           THETA
              PR_PAREN      PR_CHILD      DEL_PEER      SCHO_CON      ASB_1
              ________      ________      ________      ________      ________
 PR_PAREN       0.000
 PR_CHILD       0.000         0.000
 DEL_PEER       0.000         0.000         0.000
 SCHO_CON       0.000         0.000         0.000         0.000
 ASB_1          0.000         0.000         0.000         0.000         0.000
 SUB_1          0.000         0.000         0.000         0.000         0.000
 ASB_3          0.000         0.000         0.000         0.000         0.000
 SUB_3          0.000         0.000         0.000         0.000         0.000


           THETA
              SUB_1         ASB_3         SUB_3
              ________      ________      ________
 SUB_1          0.000
 ASB_3          0.000         0.000
 SUB_3          0.000         0.000         0.000


           ALPHA
              PGS_M         SEX_M         AGE_1_M       INCOME_M      PAR_ED_M
              ________      ________      ________      ________      ________
               -0.061         1.533        16.040         3.582         3.982


           ALPHA
              PR_PAREN      PR_CHILD      DEL_PEER      SCHO_CON      ASB_1
              ________      ________      ________      ________      ________
               -0.036         0.056        -0.059         0.001        -0.093


           ALPHA
              SUB_1         ASB_3         SUB_3
              ________      ________      ________
               -0.065        -0.067        -0.006


           BETA
              PGS_M         SEX_M         AGE_1_M       INCOME_M      PAR_ED_M
              ________      ________      ________      ________      ________
 PGS_M          0.000         0.000         0.000         0.000         0.000
 SEX_M          0.000         0.000         0.000         0.000         0.000
 AGE_1_M        0.000         0.000         0.000         0.000         0.000
 INCOME_M       0.000         0.000         0.000         0.000         0.000
 PAR_ED_M       0.000         0.000         0.000         0.000         0.000
 PR_PAREN       0.000         0.000         0.000         0.000         0.000
 PR_CHILD       0.000         0.000         0.000         0.000         0.000
 DEL_PEER       0.000         0.000         0.000         0.000         0.000
 SCHO_CON       0.000         0.000         0.000         0.000         0.000
 ASB_1          0.000         0.000         0.000         0.000         0.000
 SUB_1          0.000         0.000         0.000         0.000         0.000
 ASB_3          0.000         0.000         0.000         0.000         0.000
 SUB_3          0.000         0.000         0.000         0.000         0.000


           BETA
              PR_PAREN      PR_CHILD      DEL_PEER      SCHO_CON      ASB_1
              ________      ________      ________      ________      ________
 PGS_M          0.000         0.000         0.000         0.000         0.000
 SEX_M          0.000         0.000         0.000         0.000         0.000
 AGE_1_M        0.000         0.000         0.000         0.000         0.000
 INCOME_M       0.000         0.000         0.000         0.000         0.000
 PAR_ED_M       0.000         0.000         0.000         0.000         0.000
 PR_PAREN       0.000         0.000         0.000         0.000         0.000
 PR_CHILD       0.000         0.000         0.000         0.000         0.000
 DEL_PEER       0.000         0.000         0.000         0.000         0.000
 SCHO_CON       0.000         0.000         0.000         0.000         0.000
 ASB_1          0.000         0.000         0.000         0.000         0.000
 SUB_1          0.000         0.000         0.000         0.000         0.000
 ASB_3          0.000         0.000         0.000         0.000         0.000
 SUB_3          0.000         0.000         0.000         0.000         0.000


           BETA
              SUB_1         ASB_3         SUB_3
              ________      ________      ________
 PGS_M          0.000         0.000         0.000
 SEX_M          0.000         0.000         0.000
 AGE_1_M        0.000         0.000         0.000
 INCOME_M       0.000         0.000         0.000
 PAR_ED_M       0.000         0.000         0.000
 PR_PAREN       0.000         0.000         0.000
 PR_CHILD       0.000         0.000         0.000
 DEL_PEER       0.000         0.000         0.000
 SCHO_CON       0.000         0.000         0.000
 ASB_1          0.000         0.000         0.000
 SUB_1          0.000         0.000         0.000
 ASB_3          0.000         0.000         0.000
 SUB_3          0.000         0.000         0.000


           PSI
              PGS_M         SEX_M         AGE_1_M       INCOME_M      PAR_ED_M
              ________      ________      ________      ________      ________
 PGS_M          0.370
 SEX_M          0.000         0.077
 AGE_1_M        0.000         0.000         0.898
 INCOME_M       0.000         0.000         0.000         0.347
 PAR_ED_M       0.000         0.000         0.000         0.000         0.610
 PR_PAREN       0.000         0.000         0.000         0.000         0.000
 PR_CHILD       0.000         0.000         0.000         0.000         0.000
 DEL_PEER       0.000         0.000         0.000         0.000         0.000
 SCHO_CON       0.000         0.000         0.000         0.000         0.000
 ASB_1          0.000         0.000         0.000         0.000         0.000
 SUB_1          0.000         0.000         0.000         0.000         0.000
 ASB_3          0.000         0.000         0.000         0.000         0.000
 SUB_3          0.000         0.000         0.000         0.000         0.000


           PSI
              PR_PAREN      PR_CHILD      DEL_PEER      SCHO_CON      ASB_1
              ________      ________      ________      ________      ________
 PR_PAREN       0.498
 PR_CHILD       0.000         0.475
 DEL_PEER       0.000         0.000         0.470
 SCHO_CON       0.000         0.000         0.000         0.514
 ASB_1          0.000         0.000         0.000         0.000         0.438
 SUB_1          0.000         0.000         0.000         0.000         0.000
 ASB_3          0.000         0.000         0.000         0.000         0.000
 SUB_3          0.000         0.000         0.000         0.000         0.000


           PSI
              SUB_1         ASB_3         SUB_3
              ________      ________      ________
 SUB_1          0.475
 ASB_3          0.000         0.495
 SUB_3          0.000         0.000         0.524


     STARTING VALUES FOR THE ADDITIONAL PARAMETERS


           NEW/ADDITIONAL PARAMETERS
              D_PARENT      D_CHILD       D_PEER        D_SCHO
              ________      ________      ________      ________
                0.500         0.500         0.500         0.500



     PRIORS FOR ALL PARAMETERS            PRIOR MEAN      PRIOR VARIANCE     PRIOR STD. DEV.

     Parameter 1~N(0.000,infinity)           0.0000            infinity            infinity
     Parameter 2~N(0.000,infinity)           0.0000            infinity            infinity
     Parameter 3~N(0.000,infinity)           0.0000            infinity            infinity
     Parameter 4~N(0.000,infinity)           0.0000            infinity            infinity
     Parameter 5~N(0.000,infinity)           0.0000            infinity            infinity
     Parameter 6~N(0.000,infinity)           0.0000            infinity            infinity
     Parameter 7~N(0.000,infinity)           0.0000            infinity            infinity
     Parameter 8~N(0.000,infinity)           0.0000            infinity            infinity
     Parameter 9~N(0.000,infinity)           0.0000            infinity            infinity
     Parameter 10~N(0.000,infinity)          0.0000            infinity            infinity
     Parameter 11~N(0.000,infinity)          0.0000            infinity            infinity
     Parameter 12~N(0.000,infinity)          0.0000            infinity            infinity
     Parameter 13~N(0.000,infinity)          0.0000            infinity            infinity
     Parameter 14~N(0.000,infinity)          0.0000            infinity            infinity
     Parameter 15~N(0.000,infinity)          0.0000            infinity            infinity
     Parameter 16~N(0.000,infinity)          0.0000            infinity            infinity
     Parameter 17~N(0.000,infinity)          0.0000            infinity            infinity
     Parameter 18~N(0.000,infinity)          0.0000            infinity            infinity
     Parameter 19~N(0.000,infinity)          0.0000            infinity            infinity
     Parameter 20~N(0.000,infinity)          0.0000            infinity            infinity
     Parameter 21~N(0.000,infinity)          0.0000            infinity            infinity
     Parameter 22~N(0.000,infinity)          0.0000            infinity            infinity
     Parameter 23~N(0.000,infinity)          0.0000            infinity            infinity
     Parameter 24~N(0.000,infinity)          0.0000            infinity            infinity
     Parameter 25~N(0.000,infinity)          0.0000            infinity            infinity
     Parameter 26~N(0.000,infinity)          0.0000            infinity            infinity
     Parameter 27~IW(0.000,-4)             infinity            infinity            infinity
     Parameter 28~IW(0.000,-4)             infinity            infinity            infinity
     Parameter 29~IW(0.000,-4)             infinity            infinity            infinity
     Parameter 30~IW(0.000,-4)             infinity            infinity            infinity
     Parameter 31~IW(0.000,-4)             infinity            infinity            infinity
     Parameter 32~IW(0.000,-4)             infinity            infinity            infinity
     Parameter 33~IW(0.000,-9)             infinity            infinity            infinity
     Parameter 34~IW(0.000,-9)             infinity            infinity            infinity
     Parameter 35~IW(0.000,-9)             infinity            infinity            infinity
     Parameter 36~IW(0.000,-9)             infinity            infinity            infinity
     Parameter 37~IW(0.000,-9)             infinity            infinity            infinity
     Parameter 38~IW(0.000,-9)             infinity            infinity            infinity
     Parameter 39~IW(0.000,-9)             infinity            infinity            infinity
     Parameter 40~IW(0.000,-9)             infinity            infinity            infinity
     Parameter 41~IW(0.000,-9)             infinity            infinity            infinity
     Parameter 42~IW(0.000,-9)             infinity            infinity            infinity
     Parameter 43~IW(0.000,-9)             infinity            infinity            infinity
     Parameter 44~IW(0.000,-9)             infinity            infinity            infinity
     Parameter 45~IW(0.000,-9)             infinity            infinity            infinity
     Parameter 46~IW(0.000,-9)             infinity            infinity            infinity
     Parameter 47~IW(0.000,-9)             infinity            infinity            infinity
     Parameter 48~IW(0.000,-9)             infinity            infinity            infinity
     Parameter 49~IW(0.000,-9)             infinity            infinity            infinity
     Parameter 50~IW(0.000,-9)             infinity            infinity            infinity
     Parameter 51~IW(0.000,-9)             infinity            infinity            infinity
     Parameter 52~IW(0.000,-9)             infinity            infinity            infinity
     Parameter 53~IW(0.000,-9)             infinity            infinity            infinity
     Parameter 54~IW(0.000,-9)             infinity            infinity            infinity
     Parameter 55~IW(0.000,-9)             infinity            infinity            infinity
     Parameter 56~IW(0.000,-9)             infinity            infinity            infinity
     Parameter 57~IW(0.000,-9)             infinity            infinity            infinity
     Parameter 58~IW(0.000,-9)             infinity            infinity            infinity
     Parameter 59~IW(0.000,-9)             infinity            infinity            infinity
     Parameter 60~IW(0.000,-9)             infinity            infinity            infinity
     Parameter 61~IW(0.000,-9)             infinity            infinity            infinity
     Parameter 62~IW(0.000,-9)             infinity            infinity            infinity
     Parameter 63~IW(0.000,-9)             infinity            infinity            infinity
     Parameter 64~IW(0.000,-9)             infinity            infinity            infinity
     Parameter 65~IW(0.000,-9)             infinity            infinity            infinity
     Parameter 66~IW(0.000,-9)             infinity            infinity            infinity
     Parameter 67~IW(0.000,-9)             infinity            infinity            infinity
     Parameter 68~IW(0.000,-9)             infinity            infinity            infinity
     Parameter 69~N(0.000,infinity)          0.0000            infinity            infinity
     Parameter 70~N(0.000,infinity)          0.0000            infinity            infinity
     Parameter 71~N(0.000,infinity)          0.0000            infinity            infinity
     Parameter 72~N(0.000,infinity)          0.0000            infinity            infinity
     Parameter 73~N(0.000,infinity)          0.0000            infinity            infinity
     Parameter 74~N(0.000,infinity)          0.0000            infinity            infinity
     Parameter 75~N(0.000,infinity)          0.0000            infinity            infinity
     Parameter 76~N(0.000,infinity)          0.0000            infinity            infinity
     Parameter 77~N(0.000,infinity)          0.0000            infinity            infinity
     Parameter 78~N(0.000,infinity)          0.0000            infinity            infinity
     Parameter 79~N(0.000,infinity)          0.0000            infinity            infinity
     Parameter 80~N(0.000,infinity)          0.0000            infinity            infinity
     Parameter 81~N(0.000,infinity)          0.0000            infinity            infinity
     Parameter 82~N(0.000,infinity)          0.0000            infinity            infinity
     Parameter 83~N(0.000,infinity)          0.0000            infinity            infinity
     Parameter 84~N(0.000,infinity)          0.0000            infinity            infinity
     Parameter 85~N(0.000,infinity)          0.0000            infinity            infinity
     Parameter 86~N(0.000,infinity)          0.0000            infinity            infinity
     Parameter 87~N(0.000,infinity)          0.0000            infinity            infinity
     Parameter 88~N(0.000,infinity)          0.0000            infinity            infinity
     Parameter 89~N(0.000,infinity)          0.0000            infinity            infinity
     Parameter 90~N(0.000,infinity)          0.0000            infinity            infinity
     Parameter 91~N(0.000,infinity)          0.0000            infinity            infinity
     Parameter 92~N(0.000,infinity)          0.0000            infinity            infinity
     Parameter 93~N(0.000,infinity)          0.0000            infinity            infinity
     Parameter 94~N(0.000,infinity)          0.0000            infinity            infinity
     Parameter 95~N(0.000,infinity)          0.0000            infinity            infinity
     Parameter 96~N(0.000,infinity)          0.0000            infinity            infinity
     Parameter 97~N(0.000,infinity)          0.0000            infinity            infinity
     Parameter 98~N(0.000,infinity)          0.0000            infinity            infinity
     Parameter 99~N(0.000,infinity)          0.0000            infinity            infinity
     Parameter 100~N(0.000,infinity)         0.0000            infinity            infinity
     Parameter 101~N(0.000,infinity)         0.0000            infinity            infinity
     Parameter 102~N(0.000,infinity)         0.0000            infinity            infinity
     Parameter 103~N(0.000,infinity)         0.0000            infinity            infinity
     Parameter 104~N(0.000,infinity)         0.0000            infinity            infinity
     Parameter 105~N(0.000,infinity)         0.0000            infinity            infinity
     Parameter 106~N(0.000,infinity)         0.0000            infinity            infinity
     Parameter 107~N(0.000,infinity)         0.0000            infinity            infinity
     Parameter 108~N(0.000,infinity)         0.0000            infinity            infinity
     Parameter 109~N(0.000,infinity)         0.0000            infinity            infinity
     Parameter 110~N(0.000,infinity)         0.0000            infinity            infinity
     Parameter 111~N(0.000,infinity)         0.0000            infinity            infinity
     Parameter 112~N(0.000,infinity)         0.0000            infinity            infinity
     Parameter 113~N(0.000,infinity)         0.0000            infinity            infinity
     Parameter 114~N(0.000,infinity)         0.0000            infinity            infinity
     Parameter 115~N(0.000,infinity)         0.0000            infinity            infinity
     Parameter 116~N(0.000,infinity)         0.0000            infinity            infinity
     Parameter 117~N(0.000,infinity)         0.0000            infinity            infinity
     Parameter 118~N(0.000,infinity)         0.0000            infinity            infinity
     Parameter 119~N(0.000,infinity)         0.0000            infinity            infinity
     Parameter 120~N(0.000,infinity)         0.0000            infinity            infinity
     Parameter 121~N(0.000,infinity)         0.0000            infinity            infinity
     Parameter 122~IW(0.000,-6)            infinity            infinity            infinity
     Parameter 123~IW(0.000,-6)            infinity            infinity            infinity
     Parameter 124~IW(0.000,-6)            infinity            infinity            infinity
     Parameter 125~IW(0.000,-6)            infinity            infinity            infinity
     Parameter 126~IW(0.000,-6)            infinity            infinity            infinity
     Parameter 127~IW(0.000,-6)            infinity            infinity            infinity
     Parameter 128~IW(0.000,-6)            infinity            infinity            infinity
     Parameter 129~IW(0.000,-6)            infinity            infinity            infinity
     Parameter 130~IW(0.000,-6)            infinity            infinity            infinity
     Parameter 131~IW(0.000,-6)            infinity            infinity            infinity
     Parameter 132~IW(0.000,-6)            infinity            infinity            infinity
     Parameter 133~IW(0.000,-6)            infinity            infinity            infinity
     Parameter 134~IW(0.000,-6)            infinity            infinity            infinity
     Parameter 135~IW(0.000,-6)            infinity            infinity            infinity
     Parameter 136~IW(0.000,-6)            infinity            infinity            infinity
     Parameter 137~IW(0.000,-9)            infinity            infinity            infinity
     Parameter 138~IW(0.000,-9)            infinity            infinity            infinity
     Parameter 139~IW(0.000,-9)            infinity            infinity            infinity
     Parameter 140~IW(0.000,-9)            infinity            infinity            infinity
     Parameter 141~IW(0.000,-9)            infinity            infinity            infinity
     Parameter 142~IW(0.000,-9)            infinity            infinity            infinity
     Parameter 143~IW(0.000,-9)            infinity            infinity            infinity
     Parameter 144~IW(0.000,-9)            infinity            infinity            infinity
     Parameter 145~IW(0.000,-9)            infinity            infinity            infinity
     Parameter 146~IW(0.000,-9)            infinity            infinity            infinity
     Parameter 147~IW(0.000,-9)            infinity            infinity            infinity
     Parameter 148~IW(0.000,-9)            infinity            infinity            infinity
     Parameter 149~IW(0.000,-9)            infinity            infinity            infinity
     Parameter 150~IW(0.000,-9)            infinity            infinity            infinity
     Parameter 151~IW(0.000,-9)            infinity            infinity            infinity
     Parameter 152~IW(0.000,-9)            infinity            infinity            infinity
     Parameter 153~IW(0.000,-9)            infinity            infinity            infinity
     Parameter 154~IW(0.000,-9)            infinity            infinity            infinity
     Parameter 155~IW(0.000,-9)            infinity            infinity            infinity
     Parameter 156~IW(0.000,-9)            infinity            infinity            infinity
     Parameter 157~IW(0.000,-9)            infinity            infinity            infinity
     Parameter 158~IW(0.000,-9)            infinity            infinity            infinity
     Parameter 159~IW(0.000,-9)            infinity            infinity            infinity
     Parameter 160~IW(0.000,-9)            infinity            infinity            infinity
     Parameter 161~IW(0.000,-9)            infinity            infinity            infinity
     Parameter 162~IW(0.000,-9)            infinity            infinity            infinity
     Parameter 163~IW(0.000,-9)            infinity            infinity            infinity
     Parameter 164~IW(0.000,-9)            infinity            infinity            infinity
     Parameter 165~IW(0.000,-9)            infinity            infinity            infinity
     Parameter 166~IW(0.000,-9)            infinity            infinity            infinity
     Parameter 167~IW(0.000,-9)            infinity            infinity            infinity
     Parameter 168~IW(0.000,-9)            infinity            infinity            infinity
     Parameter 169~IW(0.000,-9)            infinity            infinity            infinity
     Parameter 170~IW(0.000,-9)            infinity            infinity            infinity
     Parameter 171~IW(0.000,-9)            infinity            infinity            infinity
     Parameter 172~IW(0.000,-9)            infinity            infinity            infinity


TECHNICAL 8 OUTPUT


   TECHNICAL 8 OUTPUT FOR BAYES ESTIMATION

     CHAIN    BSEED
     1        0
     2        285380
     3        253358
     4        93468
     5        608496
     6        903420
     7        195873
     8        462953
     9        939021
     10       127215

                     POTENTIAL       PARAMETER WITH
     ITERATION    SCALE REDUCTION      HIGHEST PSR
     100              1.363               162
     200              1.193               157
     300              1.168               149
     400              1.233               151
     500              1.245               151
     600              1.158               151
     700              1.115               151
     800              1.097               150
     900              1.107               150
     1000             1.071               150
     1100             1.083               148
     1200             1.096               148
     1300             1.081               148
     1400             1.084               148
     1500             1.090               148
     1600             1.090               148
     1700             1.078               148
     1800             1.071               148
     1900             1.064               148
     2000             1.049               148
     2100             1.033               148
     2200             1.031               149
     2300             1.026               148
     2400             1.029               160
     2500             1.029               160
     2600             1.027               160
     2700             1.026               156
     2800             1.027               156
     2900             1.036               156
     3000             1.036               156
     3100             1.035               156
     3200             1.029               156
     3300             1.028               156
     3400             1.028               156
     3500             1.025               156
     3600             1.023               156
     3700             1.023               151
     3800             1.020               151
     3900             1.019               151
     4000             1.019               151
     4100             1.017               151
     4200             1.018               151
     4300             1.018               151
     4400             1.020               151
     4500             1.019               151
     4600             1.017               151
     4700             1.015               151
     4800             1.016               151
     4900             1.014               151
     5000             1.013               163
     5100             1.013               151
     5200             1.013               151
     5300             1.014               151
     5400             1.015               151
     5500             1.015               151
     5600             1.013               151
     5700             1.012               151
     5800             1.012               150
     5900             1.012               151
     6000             1.013               151
     6100             1.013               151
     6200             1.012               151
     6300             1.012               148
     6400             1.012               148
     6500             1.012               148
     6600             1.011               150
     6700             1.011               148
     6800             1.012               154
     6900             1.012               154
     7000             1.012               154
     7100             1.013               154
     7200             1.015               154
     7300             1.015               154
     7400             1.016               154
     7500             1.016               154
     7600             1.016               154
     7700             1.015               154
     7800             1.015               154
     7900             1.016               154
     8000             1.016               154
     8100             1.016               154
     8200             1.016               154
     8300             1.016               154
     8400             1.016               154
     8500             1.016               154
     8600             1.016               154
     8700             1.016               154
     8800             1.016               154
     8900             1.016               154
     9000             1.015               154
     9100             1.015               154
     9200             1.015               154
     9300             1.015               154
     9400             1.015               154
     9500             1.015               154
     9600             1.015               154
     9700             1.015               154
     9800             1.015               154
     9900             1.014               154
     10000            1.014               154
     10100            1.013               154
     10200            1.013               154
     10300            1.013               154
     10400            1.011               154
     10500            1.011               154
     10600            1.012               163
     10700            1.012               163
     10800            1.012               163
     10900            1.012               163
     11000            1.012               163
     11100            1.012               163
     11200            1.012               163
     11300            1.013               163
     11400            1.013               163
     11500            1.013               163
     11600            1.012               163
     11700            1.011               163
     11800            1.010               163
     11900            1.010               163
     12000            1.010               163
     12100            1.009               163
     12200            1.010               163
     12300            1.009               163
     12400            1.009               163
     12500            1.009               163
     12600            1.009               163
     12700            1.009               163
     12800            1.009               163
     12900            1.008               159
     13000            1.008               163
     13100            1.008               159
     13200            1.007               163
     13300            1.007               163
     13400            1.007               163
     13500            1.007               163
     13600            1.007               163
     13700            1.007               163
     13800            1.007               159
     13900            1.008               159
     14000            1.008               159
     14100            1.008               159
     14200            1.008               159
     14300            1.008               159
     14400            1.007               159
     14500            1.007               159
     14600            1.006               159
     14700            1.006               159
     14800            1.006               159
     14900            1.006               159
     15000            1.006               159
     15100            1.006               159
     15200            1.005               163
     15300            1.006               163
     15400            1.006               163
     15500            1.006               163
     15600            1.006               153
     15700            1.006               153
     15800            1.006               153
     15900            1.006               153
     16000            1.005               153
     16100            1.005               153
     16200            1.006               153
     16300            1.006               153
     16400            1.005               153
     16500            1.005               153
     16600            1.006               153
     16700            1.005               153
     16800            1.006               153
     16900            1.006               153
     17000            1.006               153
     17100            1.006               153
     17200            1.006               153
     17300            1.006               153
     17400            1.006               153
     17500            1.005               153
     17600            1.005               153
     17700            1.005               153
     17800            1.005               153
     17900            1.005               153
     18000            1.005               153
     18100            1.005               153
     18200            1.005               153
     18300            1.005               153
     18400            1.005               153
     18500            1.005               153
     18600            1.005               153
     18700            1.004               156
     18800            1.004               156
     18900            1.004               156
     19000            1.004               156
     19100            1.004               156
     19200            1.004               156
     19300            1.004               156
     19400            1.004               156
     19500            1.004               156
     19600            1.004               156
     19700            1.004               156
     19800            1.004               156
     19900            1.004               156
     20000            1.004               156
     20100            1.004               156
     20200            1.004               156
     20300            1.004               156
     20400            1.004               156
     20500            1.004               156
     20600            1.004               156
     20700            1.004               156
     20800            1.004               156
     20900            1.004               156
     21000            1.004               156
     21100            1.004               156
     21200            1.003               160
     21300            1.003               160
     21400            1.003               156
     21500            1.003               156
     21600            1.003               160
     21700            1.003               160
     21800            1.003               160
     21900            1.003               160
     22000            1.003               160
     22100            1.003               160
     22200            1.003               160
     22300            1.003               160
     22400            1.003               160
     22500            1.003               160
     22600            1.003               160
     22700            1.003               160
     22800            1.003               160
     22900            1.003               160
     23000            1.003               160
     23100            1.003               160
     23200            1.003               160
     23300            1.003               160
     23400            1.003               160
     23500            1.003               160
     23600            1.002               160
     23700            1.003               156
     23800            1.003               156
     23900            1.003               156
     24000            1.003               156
     24100            1.003               156
     24200            1.003               156
     24300            1.003               156
     24400            1.003               156
     24500            1.003               156
     24600            1.003               156
     24700            1.003               156
     24800            1.003               156
     24900            1.003               156
     25000            1.003               156
     25100            1.002               156
     25200            1.003               156
     25300            1.003               156
     25400            1.003               156
     25500            1.003               156
     25600            1.003               156
     25700            1.003               156
     25800            1.003               156
     25900            1.003               156
     26000            1.003               156
     26100            1.003               156
     26200            1.003               156
     26300            1.003               160
     26400            1.003               160
     26500            1.003               160
     26600            1.002               160
     26700            1.002               160
     26800            1.002               160
     26900            1.002               160
     27000            1.002               160
     27100            1.002               160
     27200            1.002               160
     27300            1.002               151
     27400            1.002               169
     27500            1.002               169
     27600            1.002               169
     27700            1.002               169
     27800            1.002               151
     27900            1.002               151
     28000            1.002               151
     28100            1.002               151
     28200            1.002               151
     28300            1.002               141
     28400            1.002               141
     28500            1.002               141
     28600            1.002               169
     28700            1.002               169
     28800            1.002               141
     28900            1.002               160
     29000            1.002               141
     29100            1.002               159
     29200            1.002               159
     29300            1.002               159
     29400            1.002               161
     29500            1.002               161
     29600            1.002               160
     29700            1.002               160
     29800            1.002               160
     29900            1.002               161
     30000            1.002               161


PLOT INFORMATION

The following plots are available:

  Bayesian posterior parameter distributions
  Bayesian posterior parameter trace plots
  Bayesian autocorrelation plots
  Bayesian posterior predictive checking scatterplots
  Bayesian posterior predictive checking distribution plots

DIAGRAM INFORMATION

  Mplus diagrams are currently not available for multilevel analysis.
  No diagram output was produced.


     Beginning Time:  09:12:46
        Ending Time:  09:16:23
       Elapsed Time:  00:03:37



MUTHEN & MUTHEN
3463 Stoner Ave.
Los Angeles, CA  90066

Tel: (310) 391-9971
Fax: (310) 391-8971
Web: www.StatModel.com
Support: Support@StatModel.com

Copyright (c) 1998-2021 Muthen & Muthen
